,meeting_pattern_id,day,time_start,time_end
0,mp0,M,1400,1700
1,mp1,R,900,1150
2,mp2,M,1800,2050
3,mp3,T,1330,1620
4,mp4,F,1330,1550
5,mp5,TR,900,1020
6,mp6,MWF,930,1020
7,mp7,TR,1030,1150
8,mp8,TR,1200,1320
9,mp9,M,1230,1520
10,mp10,F,1330,1630
11,mp11,TR,1500,1620
12,mp12,TR,1330,1450
13,mp13,MWF,1130,1220
14,mp14,W,1030,1320
15,mp15,M,1330,1620
16,mp16,M,1600,1800
17,mp17,W,1330,1620
18,mp18,MW,1330,1420
19,mp19,T,1200,1320
20,mp20,MWF,1030,1120
21,mp21,M,1145,1315
22,mp22,M,1300,1550
23,mp23,R,1200,1450
24,mp24,MW,1500,1620
25,mp25,MWF,1030,1220
26,mp26,T,1800,2100
27,mp27,T,1600,1850
28,mp28,W,1800,2100
29,mp29,R,1330,1620
30,mp30,MW,1030,1120
31,mp31,W,1100,1350
32,mp32,W,1600,1850
33,mp33,M,900,1150
34,mp34,R,830,1130
35,mp35,MW,1330,1450
36,mp36,T,830,1130
37,mp37,T,900,1150
38,mp38,W,1320,1450
39,mp39,W,1600,1800
40,mp40,MW,1030,1220
41,mp41,TR,1200,1300
42,mp42,F,1130,1320
43,mp43,M,930,1220
44,mp44,MWF,830,920
45,mp45,W,900,1150
46,mp46,MTWR,800,1200
47,mp47,MW,1630,1750
48,mp48,R,1630,1730
49,mp49,R,1320,1450
50,mp50,R,1530,1830
51,mp51,W,830,1130
52,mp52,TF,1025,1205
53,mp53,R,1330,1630
54,mp54,TR,1630,1750
55,mp55,R,1830,2130
56,mp56,W,945,1145
57,mp57,MWR,1330,1435
58,mp58,W,1810,2010
59,mp59,TR,1300,1500
60,mp60,WF,1330,1450
61,mp61,MW,1130,1320
62,mp62,MWF,1230,1320
63,mp63,MTRF,600,1700
64,mp64,MW,900,1020
65,mp65,W,1500,1650
66,mp66,MWF,1430,1520
67,mp67,T,1330,1630
68,mp68,MWF,1330,1420
69,mp69,T,1200,1450
70,mp70,F,900,1150
71,mp71,R,1330,1520
72,mp72,MWR,1445,1550
73,mp73,T,1030,1320
74,mp74,TF,1330,1510
75,mp75,R,1800,2100
76,mp76,MW,1330,1520
77,mp77,M,1500,1750
78,mp78,R,1530,1650
79,mp79,TR,1000,1150
80,mp80,M,1130,1420
81,mp81,WR,600,1600
82,mp82,MTWRF,600,1800
83,mp83,T,1330,1450
84,mp84,W,930,1220
85,mp85,F,1800,2100
86,mp86,F,1330,1620
87,mp87,R,1330,1450
88,mp88,TF,1500,1620
89,mp89,F,930,1020
90,mp90,W,1500,1750
91,mp91,MWF,830,1020
92,mp92,W,1430,1730
93,mp93,R,1100,1350
94,mp94,MTWRF,730,1700
95,mp95,S,900,1200
96,mp96,W,1730,2030
97,mp97,TR,900,1030
98,mp98,F,1600,1700
99,mp99,T,1600,1900
100,mp100,M,1600,1730
101,mp101,MWF,1130,1320
102,mp102,TR,1030,1130
103,mp103,W,1330,1630
104,mp104,F,930,1220
105,mp105,MTWRF,930,1020
106,mp106,MTWRF,800,1700
107,mp107,MTWRF,1030,1120
108,mp108,W,1630,1920
109,mp109,MWF,1000,1120
110,mp110,TR,1330,1620
111,mp111,M,1030,1150
112,mp112,W,1030,1250
113,mp113,TR,1500,1650
114,mp114,T,1730,2030
115,mp115,T,1730,2020
116,mp116,MWF,1230,1420
117,mp117,R,900,1200
118,mp118,F,1400,1700
119,mp119,R,900,1020
120,mp120,M,1430,1720
121,mp121,MTWRF,830,1700
122,mp122,WF,1030,1320
123,mp123,T,1630,1750
124,mp124,MTRF,630,1600
125,mp125,M,1200,1450
126,mp126,M,1630,1920
127,mp127,M,1730,2020
128,mp128,T,1810,2010
129,mp129,R,1200,1320
130,mp130,MW,1130,1220
131,mp131,MTWRF,800,1630
132,mp132,MW,1700,1820
133,mp133,T,1530,1700
134,mp134,R,1500,1750
135,mp135,M,1500,1720
136,mp136,MWR,945,1050
137,mp137,W,1630,1750
138,mp138,W,700,1600
139,mp139,M,1810,2140
140,mp140,MW,1030,1150
141,mp141,MTWRF,630,1630
142,mp142,T,1040,1200
143,mp143,R,1730,2020
144,mp144,M,1730,2030
145,mp145,S,1400,1600
146,mp146,MW,1330,1430
147,mp147,R,1730,2030
148,mp148,T,1030,1150
149,mp149,R,1800,2050
150,mp150,T,830,1010
151,mp151,MTWRF,830,920
152,mp152,T,1600,1800
153,mp153,T,1230,1520
154,mp154,M,1800,2100
155,mp155,W,1730,1830
156,mp156,MWR,1100,1205
157,mp157,MF,1430,1600
158,mp158,W,1530,1730
159,mp159,R,1600,1730
160,mp160,W,1500,1800
161,mp161,TR,1330,1520
162,mp162,R,1600,1800
163,mp163,MWF,800,850
164,mp164,S,1330,1630
165,mp165,W,1230,1520
166,mp166,F,1200,1400
167,mp167,F,1200,1300
168,mp168,T,1320,1450
169,mp169,T,900,1020
170,mp170,TR,1000,1130
171,mp171,T,1030,1330
172,mp172,W,1530,1820
173,mp173,R,1030,1320
174,mp174,T,1500,1800
175,mp175,T,1500,1750
176,mp176,MW,1530,1650
177,mp177,M,1810,2010
178,mp178,M,1330,1630
179,mp179,MTWRF,1300,1730
180,mp180,S,930,1200
181,mp181,F,1030,1320
182,mp182,M,1530,1820
183,mp183,W,830,1630
184,mp184,F,1330,1450
185,mp185,F,1400,1600
186,mp186,MWF,1130,1230
187,mp187,MWF,930,1030
188,mp188,ARR,1215,1345
189,mp189,TF,1100,1205
190,mp190,T,1200,1315
191,mp191,MWF,1500,1620
192,mp192,TWR,1500,1620
193,mp193,W,1800,2050
194,mp194,M,1030,1320
195,mp195,MW,800,1020
196,mp196,W,1200,1300
197,mp197,T,1210,1320
198,mp198,RF,830,1130
199,mp199,MF,1330,1450
200,mp200,R,1500,1800
201,mp201,T,1400,1700
202,mp202,M,1530,1650
203,mp203,MW,1200,1320
204,mp204,WF,1500,1620
205,mp205,W,1330,1700
206,mp206,R,1630,1820
207,mp207,T,1200,1500
208,mp208,W,1300,1600
209,mp209,F,830,1130
210,mp210,T,1530,1730
211,mp211,TR,900,1150
212,mp212,WF,1000,1130
213,mp213,MWF,1600,1650
214,mp214,T,1200,1300
215,mp215,S,1300,1600
216,mp216,MW,1010,1130
217,mp217,MWF,1330,1520
218,mp218,U,900,1200
219,mp219,W,1430,1720
220,mp220,TR,1500,1750
221,mp221,MTWRF,1330,1420
222,mp222,M,1200,1320
223,mp223,F,1000,1200
224,mp224,R,1530,1700
225,mp225,M,1830,2130
226,mp226,TR,1030,1220
227,mp227,R,1630,1800
228,mp228,T,1530,1820
229,mp229,T,1530,1720
230,mp230,W,1200,1450
231,mp231,MWF,830,1030
232,mp232,T,1330,1530
233,mp233,F,1300,1420
234,mp234,T,1400,1650
235,mp235,T,1830,2130
236,mp236,T,1500,1650
237,mp237,T,600,1600
238,mp238,MWF,1430,1620
239,mp239,S,1230,1530
240,mp240,TF,945,1050
241,mp241,M,1330,1450
242,mp242,W,930,1020
243,mp243,W,1500,1630
244,mp244,F,1530,1750
245,mp245,F,1600,1720
246,mp246,F,1200,1330
247,mp247,MRF,1300,1500
248,mp248,T,1600,2230
249,mp249,F,1330,1420
250,mp250,M,830,1130
251,mp251,TR,830,1020
252,mp252,MTWRF,900,1600
253,mp253,R,1400,1650
254,mp254,TR,1700,1850
255,mp255,M,1500,1800
256,mp256,R,1800,2000
257,mp257,MTWRF,1200,1400
258,mp258,M,900,1630
259,mp259,MTWR,1330,1450
260,mp260,M,1700,1800
261,mp261,M,1645,1900
262,mp262,F,1500,1750
263,mp263,W,1330,1450
264,mp264,R,1100,1300
265,mp265,W,1530,1650
266,mp266,TR,1600,1720
267,mp267,M,1700,2000
268,mp268,MR,1800,2100
269,mp269,F,1100,1350
270,mp270,T,1500,1620
271,mp271,R,1500,1620
272,mp272,F,1200,1320
273,mp273,MR,1630,2000
274,mp274,MTWRF,1430,1520
275,mp275,W,1450,1750
276,mp276,T,1700,1820
277,mp277,R,1330,1530
278,mp278,R,1200,1300
279,mp279,T,900,1030
280,mp280,M,1200,1330
281,mp281,W,1130,1320
282,mp282,S,1430,1630
283,mp283,R,1700,1900
284,mp284,W,1830,2130
285,mp285,M,1010,1130
286,mp286,F,1730,2030
287,mp287,MW,1230,1320
288,mp288,T,1530,1645
289,mp289,F,945,1145
290,mp290,W,1730,2020
291,mp291,MTWRF,830,935
