,section_id,course_id,section_num,meeting_pattern_id,building_code,enrollment
0,sec_0,3275,01,mp0,PSY,-1
1,sec_1,3602,01,mp1,SHFE,15
2,sec_2,3328,01,mp2,S,25
3,sec_3,1037,01,mp3,SS,35
4,sec_4,3654,01,mp4,OR,20
5,sec_5,3287,01,mp5,C,25
6,sec_6,1710,01,mp6,C,18
7,sec_7,673,01,mp6,WB,18
8,sec_8,1002,01,mp7,WB,20
9,sec_9,2578,02,mp3,SSA,30
10,sec_10,1068,03,mp8,W,-1
11,sec_11,2411,01,mp9,RO,20
12,sec_12,3344,01,mp10,HC,65
13,sec_13,3739,01,mp11,P,20
14,sec_14,3238,01,mp12,CL,30
15,sec_15,1651,03,mp13,C,18
16,sec_16,3365,01,mp14,C,15
17,sec_17,3458,01,mp7,CL,25
18,sec_18,3487,01,mp7,S,70
19,sec_19,603,01,mp11,RY,35
20,sec_20,2973,01,mp7,F,25
21,sec_22,2566,01,mp15,F,-1
22,sec_23,3527,01,mp16,LBQ,25
23,sec_24,3184,01,mp17,JRL,25
24,sec_25,3530,01,mp7,H,30
25,sec_26,573,01,mp18,HGS,95
26,sec_27,1083,02,mp19,K,-1
27,sec_28,2750,01,mp8,SHFE,-1
28,sec_29,1250,31,mp20,E,35
29,sec_30,3503,01,mp8,P,-1
30,sec_31,3066,01,mp21,HC,65
31,sec_32,3099,01,mp22,S,20
32,sec_33,1526,01,mp12,GSRP,20
33,sec_34,1071,05,mp11,WB,-1
34,sec_35,3389,01,mp1,SSA,30
35,sec_36,2406,01,mp23,M,-1
36,sec_37,1704,01,mp24,C,20
37,sec_38,2387,01,mp24,CL,25
38,sec_39,1918,01,mp25,F,25
39,sec_40,2984,82,mp26,GC,65
40,sec_41,2472,01,mp27,S,20
41,sec_42,2971,01,mp15,P,20
42,sec_44,3149,01,mp8,SHFE,-1
43,sec_45,3250,01,mp5,SHFE,40
44,sec_46,2571,01,mp12,C,-1
45,sec_47,2469,01,mp5,SS,25
46,sec_48,2570,81,mp28,GC,65
47,sec_49,2933,01,mp29,PSY,15
48,sec_50,401,00,mp30,STU,60
49,sec_51,2730,01,mp31,S,20
50,sec_52,3189,01,mp32,S,20
51,sec_53,1948,01,mp11,C,18
52,sec_54,2410,06,mp33,SSA,40
53,sec_55,1710,03,mp13,C,18
54,sec_56,2465,01,mp11,C,25
55,sec_57,2678,02,mp28,GC,15
56,sec_58,2457,03,mp34,HC,65
57,sec_59,2996,01,mp5,S,20
58,sec_60,1071,06,mp35,SHFE,-1
59,sec_61,2664,01,mp36,HC,65
60,sec_62,1601,01,mp12,C,30
61,sec_63,1062,10,mp11,P,-1
62,sec_64,2713,06,mp7,PBPL,50
63,sec_65,3519,01,mp7,HM,20
64,sec_66,2419,01,mp37,RO,15
65,sec_67,3289,01,mp35,MS,100
66,sec_68,2977,01,mp38,HC,65
67,sec_69,3075,01,mp39,LBQ,30
68,sec_70,3105,02,mp17,M,-1
69,sec_71,3636,01,mp16,LBQ,-1
70,sec_73,2334,01,mp40,LC,-1
71,sec_74,1875,01,mp24,HM,20
72,sec_76,1829,01,mp35,C,30
73,sec_77,3022,01,mp41,BH,50
74,sec_78,1649,01,mp20,C,18
75,sec_79,2969,01,mp15,P,20
76,sec_80,1692,01,mp15,HM,20
77,sec_81,3799,01,mp29,F,-1
78,sec_82,2515,01,mp6,CL,18
79,sec_85,3115,01,mp2,PBPL,50
80,sec_86,2699,01,mp42,SHFE,-1
81,sec_87,2405,01,mp8,SHFE,-1
82,sec_88,139,01,mp12,CWAC,18
83,sec_89,2400,02,mp33,SSA,40
84,sec_90,2349,01,mp43,JRL,15
85,sec_91,1222,11,mp44,RY,27
86,sec_92,3534,01,mp12,BSLC,25
87,sec_93,1068,06,mp35,WB,-1
88,sec_95,3138,01,mp8,SHFE,-1
89,sec_96,1077,11,mp7,SS,-1
90,sec_97,2606,01,mp45,PSY,20
91,sec_98,3237,01,mp7,OR,32
92,sec_99,2356,30,mp46,,1
93,sec_101,2299,BB,mp5,KPTC,126
94,sec_102,2874,01,mp41,BH,50
95,sec_104,975,01,mp8,STU,60
96,sec_105,1859,01,mp47,STU,75
97,sec_106,924,01,mp18,HGS,95
98,sec_107,3694,01,mp11,K,250
99,sec_108,2203,01,mp12,BSLC,40
100,sec_110,2432,01,mp48,BH,50
101,sec_111,17,01,mp35,RY,40
102,sec_112,3590,01,mp49,HC,65
103,sec_114,611,01,mp6,HM,76
104,sec_115,1551,01,mp11,K,250
105,sec_116,2990,01,mp50,HC,22
106,sec_117,1229,30,mp7,E,20
107,sec_118,1257,20,mp5,E,30
108,sec_119,2736,01,mp5,S,20
109,sec_120,2365,04,mp51,HC,55
110,sec_121,3796,01,mp1,SSA,30
111,sec_122,3680,01,mp52,LBQ,20
112,sec_123,325,01,mp8,RO,40
113,sec_124,2980,01,mp24,WB,12
114,sec_125,2428,01,mp24,HM,20
115,sec_126,2143,01,mp8,BSLC,45
116,sec_127,3085,01,mp45,PBPL,-1
117,sec_129,3063,01,mp24,WB,12
118,sec_130,1322,02,mp8,LC,18
119,sec_131,3798,01,mp35,S,25
120,sec_132,3686,01,mp24,SS,15
121,sec_133,2106,01,mp7,BSLC,70
122,sec_134,2689,01,mp53,,-1
123,sec_135,2299,AA,mp6,KPTC,142
124,sec_136,3321,02,mp54,SHFE,50
125,sec_137,2365,01,mp36,HC,55
126,sec_138,1235,37,mp20,E,30
127,sec_139,3470,01,mp8,H,30
128,sec_140,3731,01,mp55,MS,130
129,sec_141,3121,01,mp8,SHFE,50
130,sec_142,367,05,mp7,C,19
131,sec_143,2402,01,mp56,LBQ,15
132,sec_144,3468,01,mp39,LBQ,20
133,sec_145,373,02,mp5,WB,19
134,sec_146,2446,02,mp57,LBQ,103
135,sec_147,1432,01,mp12,OR,15
136,sec_148,2892,03,mp11,RO,35
137,sec_149,2548,01,mp5,BSLC,15
138,sec_150,1879,01,mp47,STU,60
139,sec_151,2326,01,mp58,LBQ,30
140,sec_152,3214,01,mp59,BH,-1
141,sec_153,796,01,mp12,C,25
142,sec_154,153,01,mp60,KPTC,35
143,sec_155,3333,01,mp11,C,30
144,sec_156,1500,00,mp61,C,38
145,sec_157,1173,02,mp62,C,26
146,sec_158,1373,01,mp6,WB,15
147,sec_159,2330,02,mp53,HC,65
148,sec_160,3119,01,mp40,ED,15
149,sec_161,3134,01,mp7,RO,60
150,sec_162,2627,35,mp63,,2
151,sec_163,3074,01,mp64,SHFE,75
152,sec_164,1553,01,mp12,P,-1
153,sec_165,32,01,mp3,H,-1
154,sec_166,1122,04,mp65,WB,13
155,sec_167,1080,02,mp7,WB,-1
156,sec_168,3420,01,mp12,C,25
157,sec_169,3174,01,mp24,CWAC,18
158,sec_171,1837,02,mp5,LC,19
159,sec_172,3367,01,mp7,GCIS,-1
160,sec_173,2868,01,mp66,E,35
161,sec_175,2082,00,mp8,BSLC,40
162,sec_176,2372,82,mp28,GC,65
163,sec_178,3133,01,mp20,C,18
164,sec_179,1146,01,mp35,SS,35
165,sec_180,2960,01,mp67,HC,65
166,sec_181,3042,01,mp47,STU,75
167,sec_182,3008,01,mp37,P,20
168,sec_183,3405,01,mp68,E,20
169,sec_185,3819,01,mp15,C,10
170,sec_186,1945,01,mp12,C,18
171,sec_187,2605,01,mp69,WB,12
172,sec_188,1222,32,mp7,P,29
173,sec_189,3183,01,mp8,K,150
174,sec_190,2665,01,mp70,S,20
175,sec_191,3094,01,mp35,PBPL,40
176,sec_193,3421,01,mp3,SHFE,15
177,sec_194,93,01,mp71,H,30
178,sec_195,3588,01,mp69,WB,12
179,sec_196,968,01,mp3,SS,35
180,sec_197,2484,01,mp37,SSA,30
181,sec_198,3729,01,mp11,C,30
182,sec_199,1420,01,mp8,C,10
183,sec_200,3558,01,mp35,P,35
184,sec_201,1757,01,mp20,C,18
185,sec_202,3285,01,mp72,LBQ,85
186,sec_203,2302,BB,mp7,KPTC,49
187,sec_204,2961,01,mp29,F,-1
188,sec_205,3735,01,mp73,LC,-1
189,sec_207,2475,01,mp19,PBPL,30
190,sec_208,2503,01,mp74,LBQ,118
191,sec_209,2637,01,mp35,PBPL,50
192,sec_211,2762,01,mp35,HM,20
193,sec_213,1068,07,mp24,WB,-1
194,sec_214,1080,11,mp35,C,-1
195,sec_216,1836,02,mp8,C,25
196,sec_217,2142,01,mp35,BSLC,18
197,sec_218,1077,06,mp35,CL,-1
198,sec_219,1104,01,mp24,C,30
199,sec_221,1973,01,mp7,BSLC,30
200,sec_222,2749,81,mp75,GC,70
201,sec_223,2041,02,mp76,LC,-1
202,sec_224,3747,01,mp12,HGS,18
203,sec_225,1116,01,mp11,WB,15
204,sec_226,2005,01,mp77,LC,12
205,sec_227,3573,01,mp78,SHFE,-1
206,sec_228,1974,01,mp7,CLSC,90
207,sec_229,795,01,mp35,BSLC,-1
208,sec_230,2788,01,mp10,HC,65
209,sec_231,1665,01,mp15,JRL,14
210,sec_232,392,00,mp7,STU,60
211,sec_233,1429,01,mp8,OR,15
212,sec_234,2647,01,mp7,HM,20
213,sec_235,2710,01,mp29,,15
214,sec_236,1731,01,mp7,HM,20
215,sec_237,3707,01,mp3,SS,35
216,sec_238,3815,01,mp1,RO,15
217,sec_239,3128,02,mp75,GC,15
218,sec_240,3481,01,mp12,E,25
219,sec_241,1247,33,mp20,SS,35
220,sec_242,1167,01,mp12,SS,40
221,sec_243,1382,01,mp12,WB,15
222,sec_244,3170,01,mp11,,-1
223,sec_245,3299,01,mp79,H,30
224,sec_246,2623,01,mp35,RY,25
225,sec_247,2709,01,mp80,STU,15
226,sec_248,2536,30,mp81,,1
227,sec_249,2975,30,mp82,,2
228,sec_250,1572,00,mp83,SS,104
229,sec_252,3451,01,mp84,RO,17
230,sec_253,3564,00,mp11,STU,60
231,sec_255,2629,01,mp35,P,35
232,sec_256,3193,01,mp7,C,25
233,sec_257,3714,01,mp21,HC,65
234,sec_258,1222,20,mp5,P,27
235,sec_259,2617,01,mp16,LBQ,20
236,sec_260,2955,01,mp5,CWAC,23
237,sec_261,3471,01,mp85,GC,25
238,sec_262,2339,01,mp17,LC,15
239,sec_263,3412,81,mp28,GC,65
240,sec_264,2702,01,mp16,LBQ,20
241,sec_265,2830,01,mp12,SS,15
242,sec_266,2712,01,mp12,C,20
243,sec_267,2828,01,mp29,SS,20
244,sec_268,864,04,mp24,C,18
245,sec_269,1222,50,mp8,P,27
246,sec_270,1679,01,mp6,C,18
247,sec_271,3469,01,mp35,SHFE,40
248,sec_272,119,01,mp8,CWAC,16
249,sec_273,1710,04,mp62,C,18
250,sec_275,3340,01,mp35,H,19
251,sec_276,1850,01,mp11,SS,35
252,sec_278,2543,01,mp86,H,16
253,sec_279,3240,01,mp7,S,20
254,sec_280,2928,01,mp87,WB,30
255,sec_281,1236,47,mp13,E,30
256,sec_282,1080,08,mp47,C,-1
257,sec_283,2059,01,mp40,ED,15
258,sec_284,2489,01,mp88,ERC,20
259,sec_286,2931,01,mp12,CL,25
260,sec_287,3704,01,mp7,HM,20
261,sec_288,3644,01,mp37,SS,15
262,sec_289,1631,01,mp3,S,18
263,sec_290,1164,01,mp12,HM,55
264,sec_291,3231,00,mp30,STU,60
265,sec_292,1149,01,mp89,SS,150
266,sec_293,3553,01,mp45,JRL,15
267,sec_294,1065,05,mp11,C,-1
268,sec_295,3090,01,mp64,F,20
269,sec_296,2777,81,mp26,GC,65
270,sec_297,2766,01,mp90,C,16
271,sec_298,2080,07,mp91,BSLC,48
272,sec_299,2404,01,mp16,LBQ,20
273,sec_300,2356,32,mp46,,1
274,sec_301,955,01,mp35,MS,100
275,sec_304,648,50,mp8,E,30
276,sec_305,3422,01,mp92,Z,30
277,sec_306,3233,01,mp93,S,20
278,sec_307,2860,01,mp12,CL,20
279,sec_308,2439,32,mp94,,2
280,sec_309,1159,01,mp37,GSRP,-1
281,sec_310,1077,04,mp12,WB,-1
282,sec_311,2,01,mp86,H,16
283,sec_312,3400,01,mp37,S,15
284,sec_313,3665,01,mp95,GC,25
285,sec_315,2975,32,mp82,,2
286,sec_316,2724,01,mp8,BSLC,30
287,sec_317,3525,01,mp12,SHFE,40
288,sec_319,3779,01,mp17,CL,15
289,sec_320,3100,01,mp96,RY,50
290,sec_321,2474,01,mp5,JRL,24
291,sec_322,3801,01,mp97,HC,30
292,sec_323,2801,81,mp28,B455,65
293,sec_324,1581,01,mp20,BSLC,120
294,sec_325,2881,01,mp98,KCBD,50
295,sec_327,2820,01,mp99,RY,-1
296,sec_328,1176,01,mp8,C,35
297,sec_329,1603,00,mp30,STU,60
298,sec_330,365,01,mp35,CLSC,80
299,sec_331,1589,01,mp15,RO,37
300,sec_333,3762,01,mp100,LBQ,8
301,sec_334,3225,01,mp101,HM,20
302,sec_336,1556,01,mp84,P,-1
303,sec_337,2639,01,mp37,SHFE,30
304,sec_338,3473,01,mp102,CWAC,18
305,sec_339,3531,01,mp11,ERC,-1
306,sec_340,3428,01,mp11,S,20
307,sec_341,3118,03,mp51,HC,65
308,sec_342,527,01,mp12,CL,30
309,sec_343,3271,01,mp103,HC,70
310,sec_344,3455,01,mp7,OR,20
311,sec_345,232,00,mp20,K,-1
312,sec_346,3208,01,mp11,C,-1
313,sec_348,3658,01,mp14,C,15
314,sec_349,2981,01,mp11,C,30
315,sec_350,1837,01,mp7,E,19
316,sec_351,3076,01,mp67,RO,-1
317,sec_352,1010,06,mp77,SS,12
318,sec_353,1062,11,mp11,CL,-1
319,sec_354,2107,01,mp6,BSLC,35
320,sec_356,2576,01,mp12,E,90
321,sec_357,1231,22,mp5,E,30
322,sec_358,1373,02,mp20,C,19
323,sec_359,3217,01,mp27,S,20
324,sec_360,2457,01,mp67,HC,65
325,sec_361,1713,04,mp68,C,18
326,sec_362,265,01,mp5,K,25
327,sec_363,1712,02,mp68,C,18
328,sec_364,1226,30,mp7,RY,20
329,sec_365,1095,01,mp7,SS,50
330,sec_366,3419,01,mp7,SS,35
331,sec_367,2480,81,mp26,B455,30
332,sec_368,3154,01,mp60,EBC,25
333,sec_370,2850,01,mp9,CL,20
334,sec_371,2657,01,mp64,TTI,38
335,sec_372,2453,01,mp7,E,65
336,sec_373,2798,00,mp12,STU,50
337,sec_375,2918,81,mp26,GC,65
338,sec_376,3691,01,mp104,PSY,20
339,sec_377,3020,01,mp35,SS,25
340,sec_378,2604,01,mp19,RO,50
341,sec_380,694,01,mp105,C,18
342,sec_381,2618,30,mp106,DCAM,3
343,sec_382,410,01,mp35,CWAC,23
344,sec_383,367,03,mp24,C,19
345,sec_384,3267,01,mp12,E,30
346,sec_385,2551,01,mp12,WB,15
347,sec_386,2855,01,mp7,SS,50
348,sec_388,3765,01,mp12,GSRP,20
349,sec_389,655,04,mp107,C,18
350,sec_391,3131,01,mp108,H,20
351,sec_392,2675,00,mp5,SS,38
352,sec_393,1656,01,mp12,WB,18
353,sec_394,3032,34,mp82,,1
354,sec_395,47,01,mp12,STU,50
355,sec_396,3627,01,mp3,S,20
356,sec_397,1472,01,mp109,C,15
357,sec_400,1147,01,mp7,STU,60
358,sec_401,3711,01,mp28,GC,25
359,sec_402,2791,30,mp106,DCAM,4
360,sec_403,2080,12,mp110,BSLC,48
361,sec_404,2510,01,mp15,P,20
362,sec_405,2998,03,mp64,PBPL,-1
363,sec_406,2471,01,mp3,SS,35
364,sec_407,1223,37,mp20,RO,27
365,sec_408,1448,01,mp17,JRL,18
366,sec_409,1325,01,mp20,GO H,-1
367,sec_410,2595,01,mp73,S,20
368,sec_411,2146,01,mp35,BSLC,-1
369,sec_412,3087,01,mp39,LBQ,30
370,sec_413,2072,01,mp17,LC,15
371,sec_414,1068,04,mp12,G,-1
372,sec_415,773,01,mp12,WB,20
373,sec_416,3464,01,mp5,HM,-1
374,sec_417,1321,01,mp12,LC,17
375,sec_418,3489,01,mp24,C,20
376,sec_419,1101,01,mp111,HM,75
377,sec_420,1346,01,mp7,GO H,15
378,sec_421,3404,02,mp51,HC,65
379,sec_422,1596,01,mp43,PSY,-1
380,sec_423,3596,01,mp112,F,30
381,sec_424,1205,01,mp24,C,-1
382,sec_425,1440,01,mp7,S,70
383,sec_426,3716,01,mp72,LBQ,118
384,sec_427,866,01,mp113,C,18
385,sec_428,2486,01,mp114,RY,40
386,sec_429,3514,01,mp19,SHFE,-1
387,sec_430,3253,01,mp12,OR,15
388,sec_431,2913,01,mp12,CL,20
389,sec_432,3004,01,mp29,P,15
390,sec_433,2440,02,mp115,SSA,25
391,sec_434,2376,01,mp105,C,18
392,sec_435,583,01,mp11,RO,25
393,sec_436,703,01,mp8,C,20
394,sec_437,3317,02,mp17,M,-1
395,sec_438,1068,11,mp24,W,-1
396,sec_439,2635,01,mp53,HC,65
397,sec_440,3203,01,mp8,C,30
398,sec_441,2799,85,mp95,GC,65
399,sec_442,2008,01,mp35,HM,24
400,sec_443,3472,01,mp11,E,25
401,sec_444,2959,01,mp8,SHFE,-1
402,sec_447,2975,34,mp82,,2
403,sec_448,1379,03,mp116,WB,12
404,sec_449,2413,01,mp3,JRL,15
405,sec_450,3652,01,mp117,HC,22
406,sec_451,2358,01,mp75,GC,20
407,sec_452,2851,01,mp7,WB,20
408,sec_453,3118,01,mp34,HC,65
409,sec_454,3524,01,mp5,SS,25
410,sec_455,1466,01,mp105,C,18
411,sec_456,2671,32,mp81,,1
412,sec_457,1325,02,mp13,GO H,-1
413,sec_458,1679,02,mp20,C,18
414,sec_459,2644,01,mp12,GSRP,20
415,sec_460,3671,01,mp8,CL,40
416,sec_461,3816,85,mp95,GC,65
417,sec_462,2458,01,mp93,S,20
418,sec_464,3274,01,mp62,CL,20
419,sec_465,2813,01,mp90,SHFE,60
420,sec_466,2534,01,mp45,PBPL,-1
421,sec_467,1139,01,mp29,F,-1
422,sec_468,2847,01,mp12,HM,12
423,sec_469,3205,01,mp7,S,70
424,sec_470,2211,01,mp62,CLSC,120
425,sec_471,2673,01,mp43,WB,15
426,sec_472,2923,01,mp77,RO,12
427,sec_473,3806,01,mp104,PSY,20
428,sec_474,2024,01,mp76,LC,-1
429,sec_475,2625,01,mp17,CL,10
430,sec_476,3161,01,mp24,C,30
431,sec_477,1379,01,mp101,WB,12
432,sec_478,2393,03,mp5,PBPL,-1
433,sec_479,1080,09,mp35,LC,-1
434,sec_480,3159,01,mp8,CWAC,18
435,sec_481,2545,01,mp11,C,30
436,sec_482,2817,01,mp67,HC,65
437,sec_483,3054,01,mp17,WB,15
438,sec_484,3162,01,mp118,HC,19
439,sec_485,3805,01,mp13,STU,50
440,sec_486,3824,01,mp67,RO,-1
441,sec_487,3555,01,mp7,SHFE,30
442,sec_488,1651,04,mp62,C,18
443,sec_489,496,01,mp47,STU,60
444,sec_490,1819,05,mp119,K,19
445,sec_491,2422,01,mp120,C,18
446,sec_492,3362,00,mp12,BSLC,20
447,sec_493,2925,01,mp11,WB,15
448,sec_494,2883,30,mp121,,1
449,sec_495,2373,85,mp95,GC,65
450,sec_496,1506,00,mp3,C,28
451,sec_497,2305,01,mp13,KPTC,190
452,sec_498,2778,01,mp51,HC,65
453,sec_499,2713,05,mp5,PBPL,50
454,sec_502,2525,01,mp122,LC,-1
455,sec_503,2921,01,mp123,LC,15
456,sec_504,2650,01,mp12,PBPL,25
457,sec_505,1490,00,mp30,STU,66
458,sec_506,297,01,mp7,STU,60
459,sec_507,2964,01,mp15,M,-1
460,sec_508,3825,32,mp124,,1
461,sec_509,2575,01,mp29,S,16
462,sec_510,2242,01,mp7,SS,104
463,sec_511,3019,01,mp8,CL,40
464,sec_512,1991,01,mp125,BG,12
465,sec_513,844,01,mp12,HGS,18
466,sec_514,935,01,mp7,H,-1
467,sec_515,2448,07,mp5,PBPL,50
468,sec_518,3793,01,mp126,SS,20
469,sec_519,2531,08,mp127,SSA,-1
470,sec_520,3587,01,mp128,LBQ,25
471,sec_521,2613,01,mp35,SHFE,40
472,sec_523,3554,01,mp129,RO,50
473,sec_524,2378,01,mp1,SHFE,20
474,sec_525,1134,01,mp8,STU,50
475,sec_526,3190,01,mp7,GCIS,-1
476,sec_527,1062,17,mp54,WB,-1
477,sec_528,2618,32,mp106,DCAM,3
478,sec_529,3821,01,mp14,C,15
479,sec_530,3560,01,mp43,G,25
480,sec_531,3712,01,mp73,SHFE,15
481,sec_532,3776,00,mp130,STU,75
482,sec_533,2956,32,mp131,,1
483,sec_534,2988,01,mp8,CL,40
484,sec_535,503,01,mp20,BSLC,120
485,sec_536,3354,01,mp62,CL,20
486,sec_537,3151,01,mp15,JRL,14
487,sec_538,3614,01,mp7,BSLC,30
488,sec_539,3750,01,mp132,C,-1
489,sec_540,2488,01,mp19,WB,25
490,sec_541,937,01,mp12,HM,55
491,sec_542,3600,01,mp120,C,18
492,sec_543,1100,01,mp47,STU,75
493,sec_544,3414,81,mp26,GC,65
494,sec_545,2975,35,mp82,,2
495,sec_547,3070,01,mp12,K,200
496,sec_548,983,01,mp68,LBQ,-1
497,sec_549,3742,01,mp35,HM,14
498,sec_550,1322,01,mp5,LC,18
499,sec_551,1653,01,mp20,C,18
500,sec_552,3603,01,mp11,SS,20
501,sec_553,2678,01,mp28,GC,15
502,sec_554,2174,01,mp20,BSLC,120
503,sec_555,2396,01,mp133,SHFE,-1
504,sec_556,1219,10,mp44,E,27
505,sec_557,3713,01,mp24,C,30
506,sec_558,1058,01,mp134,SS,15
507,sec_559,2025,02,mp76,LC,-1
508,sec_560,1992,01,mp125,LC,17
509,sec_561,3521,01,mp135,BSLC,36
510,sec_562,3382,01,mp12,SHFE,75
511,sec_563,1509,00,mp8,C,38
512,sec_564,3155,01,mp136,LBQ,85
513,sec_565,3756,01,mp17,S,20
514,sec_566,2747,01,mp16,LBQ,20
515,sec_567,2308,01,mp137,KPTC,90
516,sec_568,1222,30,mp7,RY,27
517,sec_569,887,01,mp13,WB,20
518,sec_570,2858,01,mp47,C,30
519,sec_571,1223,52,mp8,SS,27
520,sec_572,1222,51,mp62,KPTC,27
521,sec_573,3825,30,mp138,,3
522,sec_574,3088,01,mp3,CWAC,12
523,sec_575,1222,21,mp6,E,27
524,sec_576,3018,01,mp139,LBQ,85
525,sec_577,2819,01,mp7,C,10
526,sec_578,2437,01,mp7,S,20
527,sec_579,2944,01,mp29,SS,20
528,sec_580,1648,03,mp13,C,18
529,sec_581,2615,01,mp68,BSLC,50
530,sec_582,3128,01,mp95,GC,15
531,sec_583,827,00,mp7,HGS,22
532,sec_584,2436,01,mp35,BSLC,-1
533,sec_585,2400,07,mp45,SSA,40
534,sec_586,2611,01,mp140,S,40
535,sec_587,2470,01,mp57,LBQ,85
536,sec_588,3376,01,mp11,,-1
537,sec_589,2389,30,mp141,,2
538,sec_590,3728,01,mp142,HC,65
539,sec_591,2753,01,mp47,STU,75
540,sec_592,2690,01,mp129,RO,50
541,sec_593,2109,01,mp12,BSLC,80
542,sec_595,3107,01,mp35,CLSC,80
543,sec_596,2683,01,mp37,SSA,-1
544,sec_597,3827,01,mp18,HGS,95
545,sec_598,1065,03,mp8,SS,-1
546,sec_599,3794,01,mp11,HGS,18
547,sec_600,3394,01,mp12,SHFE,75
548,sec_601,1391,01,mp11,C,10
549,sec_602,3395,01,mp12,CL,20
550,sec_603,1974,02,mp8,E,50
551,sec_604,378,01,mp7,RO,19
552,sec_605,2156,01,mp13,BSLC,40
553,sec_606,2671,30,mp81,,1
554,sec_607,3437,01,mp51,HC,65
555,sec_608,2640,01,mp5,S,20
556,sec_609,3110,01,mp104,SS,20
557,sec_610,3417,01,mp72,LBQ,85
558,sec_611,2655,01,mp7,C,25
559,sec_612,2420,01,mp36,HC,65
560,sec_613,2873,01,mp90,F,40
561,sec_614,2596,05,mp143,SSA,25
562,sec_615,2209,01,mp68,BSLC,50
563,sec_616,3618,01,mp84,RO,17
564,sec_617,433,01,mp3,SS,15
565,sec_618,3347,01,mp7,F,18
566,sec_619,3700,01,mp144,RY,40
567,sec_620,3610,01,mp24,C,30
568,sec_621,1737,01,mp20,F,18
569,sec_622,3373,01,mp7,RO,60
570,sec_623,3678,00,mp12,STU,50
571,sec_625,3136,01,mp145,GC,-1
572,sec_626,3604,01,mp146,GO H,15
573,sec_627,1712,01,mp13,C,18
574,sec_628,2331,01,mp29,SS,20
575,sec_629,899,01,mp7,SS,20
576,sec_630,1648,02,mp20,C,18
577,sec_631,2450,01,mp90,S,20
578,sec_633,3017,01,mp147,Y,-1
579,sec_634,2329,01,mp1,SHFE,15
580,sec_635,3355,01,mp1,SSA,-1
581,sec_636,1062,02,mp7,WB,-1
582,sec_637,1687,01,mp12,WB,20
583,sec_638,3829,01,mp7,PSY,40
584,sec_639,2356,34,mp46,,1
585,sec_641,2954,01,mp12,BSLC,30
586,sec_642,2214,01,mp5,BSLC,-1
587,sec_643,1062,05,mp11,CL,-1
588,sec_644,633,01,mp7,RY,-1
589,sec_645,1320,01,mp7,GO H,17
590,sec_646,3689,01,mp5,E,-1
591,sec_647,3046,01,mp148,GCIS,25
592,sec_648,2092,01,mp13,BSLC,40
593,sec_649,876,01,mp12,C,30
594,sec_650,3418,01,mp149,PBPL,50
595,sec_651,1224,43,mp13,E,30
596,sec_653,1508,01,mp7,C,15
597,sec_654,3348,01,mp105,OR,20
598,sec_655,3693,01,mp7,HGS,18
599,sec_656,3501,81,mp28,GC,65
600,sec_657,2756,01,mp8,C,30
601,sec_658,1779,01,mp13,C,18
602,sec_659,1232,55,mp62,HGS,34
603,sec_660,1065,11,mp12,SS,-1
604,sec_661,431,00,mp7,STU,60
605,sec_662,3792,01,mp7,C,15
606,sec_663,2473,01,mp24,SHFE,35
607,sec_664,3112,00,mp5,SS,40
608,sec_665,2866,01,mp150,LBQ,53
609,sec_666,3780,01,mp19,STU,-1
610,sec_667,3332,01,mp12,P,-1
611,sec_668,686,01,mp151,C,18
612,sec_669,3456,01,mp47,STU,60
613,sec_670,2444,01,mp15,P,20
614,sec_672,2582,01,mp152,LBQ,20
615,sec_673,2025,01,mp153,LC,-1
616,sec_674,890,01,mp20,C,18
617,sec_675,2854,81,mp154,GC,15
618,sec_676,3660,01,mp143,SSA,30
619,sec_677,3329,01,mp12,PBPL,40
620,sec_678,1065,09,mp35,C,-1
621,sec_679,864,02,mp20,C,18
622,sec_680,2914,01,mp12,BSLC,40
623,sec_682,1065,10,mp24,C,-1
624,sec_683,3047,01,mp84,SS,15
625,sec_684,3224,01,mp155,WCH,20
626,sec_685,3266,01,mp129,SSA,30
627,sec_686,3398,01,mp1,SHFE,15
628,sec_687,1003,01,mp69,JRL,20
629,sec_689,3454,01,mp156,LBQ,87
630,sec_690,3432,01,mp18,F,30
631,sec_691,1411,01,mp6,OR,18
632,sec_692,2416,01,mp26,GC,25
633,sec_693,2984,81,mp75,GC,65
634,sec_694,2723,01,mp7,GCIS,-1
635,sec_695,682,03,mp105,C,18
636,sec_696,1405,01,mp105,OR,20
637,sec_697,3263,01,mp157,F,18
638,sec_698,2447,01,mp140,BSLC,20
639,sec_699,1648,05,mp68,C,18
640,sec_700,2864,01,mp95,GC,25
641,sec_702,2849,01,mp158,PSY,10
642,sec_703,2667,01,mp24,CL,25
643,sec_704,1710,02,mp20,C,18
644,sec_705,3677,01,mp29,SSA,30
645,sec_707,3415,81,mp154,GC,65
646,sec_708,2505,01,mp1,SSA,40
647,sec_710,3697,01,mp8,SHFE,-1
648,sec_711,2370,01,mp16,LBQ,7
649,sec_712,1648,01,mp6,C,18
650,sec_714,3755,01,mp12,C,25
651,sec_716,3761,81,mp154,GC,65
652,sec_717,1501,00,mp5,SS,38
653,sec_718,3698,01,mp8,H,30
654,sec_719,1071,08,mp47,C,-1
655,sec_720,2351,01,mp15,S,20
656,sec_721,2115,01,mp8,BSLC,50
657,sec_722,3012,01,mp26,GC,20
658,sec_723,370,01,mp6,C,30
659,sec_724,3770,01,mp158,PSY,10
660,sec_725,2696,01,mp35,C,12
661,sec_726,3079,01,mp7,CL,20
662,sec_728,807,01,mp35,P,35
663,sec_729,1217,40,mp13,E,24
664,sec_730,2541,01,mp43,WB,15
665,sec_731,1819,04,mp119,K,19
666,sec_732,655,05,mp107,CL,18
667,sec_733,3436,01,mp159,LBQ,5
668,sec_734,1119,01,mp12,W,15
669,sec_735,530,01,mp11,C,30
670,sec_736,2322,01,mp8,KPTC,49
671,sec_737,1864,01,mp24,SS,15
672,sec_738,3467,01,mp13,BSLC,30
673,sec_739,3057,01,mp8,C,30
674,sec_740,3006,01,mp160,HM,-1
675,sec_741,3177,01,mp17,LC,-1
676,sec_742,1010,04,mp77,G,12
677,sec_744,2601,00,mp30,STU,60
678,sec_745,3633,01,mp54,F,30
679,sec_746,2477,01,mp7,BSLC,25
680,sec_747,2080,08,mp25,BSLC,48
681,sec_749,2417,01,mp8,WB,20
682,sec_750,2658,01,mp49,HC,65
683,sec_751,2130,00,mp20,BSLC,45
684,sec_753,2440,01,mp3,SSA,-1
685,sec_754,2043,01,mp161,LC,15
686,sec_755,1010,02,mp77,SS,12
687,sec_756,3591,01,mp73,LC,15
688,sec_758,3522,01,mp111,HM,75
689,sec_759,1414,01,mp151,OR,20
690,sec_760,2765,01,mp162,LBQ,20
691,sec_761,2439,31,mp94,,2
692,sec_762,3746,01,mp12,CL,20
693,sec_763,2835,01,mp103,HC,70
694,sec_764,3142,01,mp52,LBQ,53
695,sec_765,617,01,mp68,HM,60
696,sec_766,3725,01,mp163,S,40
697,sec_767,2567,01,mp8,SHFE,30
698,sec_768,246,00,mp7,K,174
699,sec_769,2810,01,mp1,P,-1
700,sec_770,2792,01,mp35,F,18
701,sec_772,2897,01,mp140,MS,80
702,sec_773,1062,03,mp8,WB,-1
703,sec_774,2929,85,mp95,GC,65
704,sec_775,1077,14,mp35,C,-1
705,sec_776,3721,85,mp164,GC,65
706,sec_777,1651,01,mp6,C,18
707,sec_778,3145,01,mp13,C,20
708,sec_779,1535,01,mp8,STU,75
709,sec_780,2935,81,mp26,GC,55
710,sec_781,3758,01,mp17,LC,-1
711,sec_782,2574,01,mp12,S,16
712,sec_783,559,01,mp7,P,70
713,sec_784,1854,01,mp8,SS,45
714,sec_786,3322,01,mp12,RO,12
715,sec_787,3014,01,mp18,F,30
716,sec_788,2609,01,mp165,JRL,20
717,sec_789,2790,01,mp148,C,20
718,sec_790,1083,06,mp19,K,-1
719,sec_791,1825,01,mp7,ED,-1
720,sec_792,3350,01,mp11,WB,15
721,sec_793,403,01,mp35,C,30
722,sec_794,3292,01,mp89,P,35
723,sec_795,2389,32,mp141,,2
724,sec_796,3028,01,mp45,SSA,30
725,sec_798,3248,01,mp17,CWAC,12
726,sec_800,1226,41,mp13,RY,30
727,sec_801,3215,01,mp84,LC,-1
728,sec_802,3257,01,mp166,PBPL,-1
729,sec_803,3740,01,mp8,STU,60
730,sec_805,3661,01,mp11,BSLC,100
731,sec_806,1711,01,mp6,C,18
732,sec_808,3310,01,mp43,WB,15
733,sec_809,2451,02,mp103,HC,-1
734,sec_811,3699,01,mp11,OR,10
735,sec_812,1891,01,mp6,C,20
736,sec_813,3116,01,mp15,SHFE,15
737,sec_814,1252,50,mp8,E,34
738,sec_815,2616,01,mp101,HM,20
739,sec_817,349,02,mp5,LC,19
740,sec_818,3060,01,mp11,,-1
741,sec_819,2870,01,mp167,CLSC,20
742,sec_820,42,01,mp18,HGS,95
743,sec_821,3040,01,mp53,HC,65
744,sec_822,2361,81,mp26,GC,65
745,sec_823,3653,01,mp5,ED,15
746,sec_824,2778,03,mp67,HC,65
747,sec_825,3260,01,mp15,LC,-1
748,sec_826,2399,01,mp13,WB,20
749,sec_827,2066,01,mp40,LC,-1
750,sec_828,3246,01,mp168,HC,65
751,sec_829,2987,01,mp3,SHFE,20
752,sec_830,2803,03,mp53,HC,65
753,sec_831,3124,01,mp17,JRL,18
754,sec_832,1144,01,mp12,P,-1
755,sec_833,1211,01,mp7,C,20
756,sec_834,2767,01,mp169,HGS,12
757,sec_835,3567,01,mp140,S,40
758,sec_836,1990,02,mp8,BG,17
759,sec_839,1223,55,mp62,STU,27
760,sec_840,3140,01,mp170,BH,-1
761,sec_841,3166,01,mp126,SS,20
762,sec_842,3578,01,mp31,S,20
763,sec_843,3692,01,mp7,SHFE,30
764,sec_844,817,01,mp135,BSLC,36
765,sec_845,3446,02,mp37,SSA,25
766,sec_846,2040,03,mp149,LC,-1
767,sec_847,1385,01,mp8,OR,15
768,sec_849,2429,01,mp171,HM,15
769,sec_850,2627,34,mp63,,2
770,sec_851,1065,14,mp35,P,-1
771,sec_852,3491,01,mp172,F,15
772,sec_853,2016,01,mp40,LC,-1
773,sec_854,2972,01,mp3,WB,15
774,sec_855,3647,01,mp18,HGS,95
775,sec_857,2317,01,mp20,KPTC,49
776,sec_858,3619,03,mp29,SSA,25
777,sec_859,3049,01,mp173,LC,18
778,sec_860,2815,01,mp35,RY,25
779,sec_861,2348,01,mp174,PSY,8
780,sec_862,2962,01,mp84,G,25
781,sec_863,3390,01,mp175,F,15
782,sec_864,700,01,mp105,HM,20
783,sec_865,499,01,mp35,CLSC,80
784,sec_866,3802,01,mp127,C,12
785,sec_867,2392,01,mp3,M,-1
786,sec_868,3732,01,mp35,WB,16
787,sec_869,3062,01,mp17,JRL,25
788,sec_870,3144,01,mp12,GSRP,20
789,sec_871,2811,01,mp35,F,18
790,sec_872,2975,33,mp82,,2
791,sec_873,3766,01,mp8,WB,20
792,sec_874,3226,01,mp17,WB,15
793,sec_875,2328,01,mp41,BH,50
794,sec_876,2363,01,mp16,LBQ,7
795,sec_877,2523,01,mp7,RO,60
796,sec_878,2636,01,mp176,BSLC,30
797,sec_879,3486,81,mp28,B455,65
798,sec_880,963,01,mp12,HM,12
799,sec_881,3608,01,mp43,G,25
800,sec_882,3517,01,mp177,LBQ,25
801,sec_883,3045,01,mp103,HC,65
802,sec_884,3052,01,mp178,HC,65
803,sec_885,2794,01,mp122,LC,-1
804,sec_886,3228,01,mp12,C,30
805,sec_887,2531,03,mp33,SSA,-1
806,sec_888,2620,01,mp160,SHFE,20
807,sec_889,2848,01,mp15,P,12
808,sec_890,3315,01,mp175,S,20
809,sec_891,2507,01,mp5,PBPL,40
810,sec_893,1219,42,mp13,SS,27
811,sec_894,3157,01,mp12,SS,40
812,sec_895,1222,43,mp13,RO,27
813,sec_896,2634,01,mp3,SHFE,15
814,sec_897,2976,01,mp7,SS,50
815,sec_898,3273,81,mp154,GC,65
816,sec_900,2960,02,mp51,HC,65
817,sec_901,3118,02,mp53,HC,65
818,sec_902,2646,01,mp134,PBPL,20
819,sec_905,491,01,mp5,SHFE,40
820,sec_906,1982,01,mp6,STU,60
821,sec_907,2446,01,mp57,LBQ,118
822,sec_908,414,01,mp62,CL,20
823,sec_909,2737,32,mp179,,1
824,sec_910,1071,10,mp35,C,-1
825,sec_911,3448,01,mp8,W,25
826,sec_912,3723,01,mp47,C,30
827,sec_913,2449,01,mp8,BSLC,-1
828,sec_914,108,01,mp7,CWAC,23
829,sec_915,3078,01,mp8,SHFE,-1
830,sec_916,3083,01,mp7,SS,35
831,sec_919,2561,01,mp77,PBPL,41
832,sec_921,2638,01,mp152,LBQ,18
833,sec_923,1368,01,mp5,OR,15
834,sec_924,2831,85,mp180,GC,65
835,sec_926,3429,01,mp3,S,20
836,sec_927,2434,01,mp51,HC,65
837,sec_928,667,01,mp6,CL,18
838,sec_929,277,01,mp7,K,50
839,sec_930,2612,01,mp74,LBQ,56
840,sec_931,2296,01,mp8,KPTC,169
841,sec_932,2292,01,mp60,KPTC,35
842,sec_933,129,01,mp7,CWAC,18
843,sec_934,2438,01,mp5,GO H,15
844,sec_935,3358,01,mp8,STU,50
845,sec_936,2537,01,mp7,F,18
846,sec_939,1819,06,mp119,K,19
847,sec_940,2346,01,mp12,RY,35
848,sec_941,2145,01,mp7,BSLC,20
849,sec_942,2888,02,mp67,HC,65
850,sec_943,3029,85,mp164,GC,65
851,sec_944,3638,01,mp11,SS,20
852,sec_945,2824,01,mp29,F,-1
853,sec_947,2662,01,mp7,C,20
854,sec_948,1223,34,mp7,E,27
855,sec_949,103,02,mp60,CWAC,18
856,sec_950,3664,01,mp7,SHFE,50
857,sec_951,3709,01,mp17,LC,15
858,sec_952,2302,AA,mp6,KPTC,51
859,sec_953,1071,07,mp24,C,-1
860,sec_954,3125,01,mp140,S,40
861,sec_955,2550,01,mp162,LBQ,15
862,sec_956,3823,01,mp181,S,20
863,sec_957,2398,01,mp140,BSLC,20
864,sec_958,439,01,mp182,SHFE,-1
865,sec_959,3005,01,mp17,LC,15
866,sec_960,3158,01,mp1,SHFE,20
867,sec_961,3135,34,mp183,MH,24
868,sec_962,2910,01,mp7,F,25
869,sec_963,935,02,mp35,GSRP,19
870,sec_964,2899,00,mp184,C,30
871,sec_965,2435,01,mp134,S,20
872,sec_966,447,01,mp62,CL,20
873,sec_967,2618,34,mp106,DCAM,3
874,sec_969,1550,01,mp89,P,35
875,sec_970,2445,01,mp15,CWAC,12
876,sec_971,2454,01,mp156,LBQ,118
877,sec_972,3364,85,mp164,GC,65
878,sec_973,587,02,mp5,GO H,17
879,sec_974,1258,51,mp62,E,35
880,sec_975,2491,01,mp69,JRL,20
881,sec_977,2722,85,mp95,GC,65
882,sec_978,2827,00,mp11,STU,60
883,sec_979,3147,01,mp185,GC,-1
884,sec_980,2456,01,mp25,BSLC,25
885,sec_981,2024,02,mp40,LC,-1
886,sec_982,1080,12,mp24,C,-1
887,sec_983,1223,45,mp186,K,27
888,sec_984,1226,20,mp5,RY,20
889,sec_985,1062,14,mp8,C,-1
890,sec_986,495,01,mp7,SS,104
891,sec_987,1230,49,mp13,RY,30
892,sec_988,1365,01,mp20,OR,15
893,sec_989,917,00,mp7,STU,60
894,sec_990,1071,04,mp12,C,-1
895,sec_991,3599,00,mp12,STU,40
896,sec_992,2448,08,mp7,PBPL,50
897,sec_993,587,01,mp7,GO H,17
898,sec_994,3056,00,mp61,C,38
899,sec_995,3072,01,mp15,P,20
900,sec_996,3377,01,mp12,C,25
901,sec_997,3118,04,mp103,HC,65
902,sec_998,2287,00,mp187,STU,30
903,sec_999,3152,01,mp11,BSLC,100
904,sec_1000,2876,01,mp175,WB,20
905,sec_1001,1238,31,mp20,E,30
906,sec_1002,3065,01,mp7,BSLC,20
907,sec_1003,3609,01,mp16,LBQ,25
908,sec_1004,2890,00,mp13,CLSC,108
909,sec_1005,3777,01,mp12,C,25
910,sec_1006,2603,07,mp188,SSA,-1
911,sec_1008,3504,02,mp103,HC,65
912,sec_1009,3478,01,mp156,LBQ,34
913,sec_1010,856,01,mp35,HGS,12
914,sec_1011,1621,00,mp61,C,38
915,sec_1012,2932,01,mp7,ED,-1
916,sec_1013,2394,01,mp15,CL,20
917,sec_1014,1246,51,mp62,SHFE,30
918,sec_1015,794,01,mp12,GSRP,20
919,sec_1016,1071,18,mp12,C,-1
920,sec_1017,3492,01,mp45,P,-1
921,sec_1018,1236,55,mp62,RO,30
922,sec_1019,2983,01,mp1,SHFE,20
923,sec_1020,3616,01,mp152,LBQ,20
924,sec_1021,3185,01,mp12,C,20
925,sec_1022,2903,01,mp7,SS,35
926,sec_1023,3579,01,mp12,ERC,20
927,sec_1024,2902,03,mp189,LBQ,34
928,sec_1025,2812,01,mp35,RO,25
929,sec_1026,2460,01,mp15,F,-1
930,sec_1027,3726,01,mp5,ED,15
931,sec_1028,2603,02,mp188,SSA,-1
932,sec_1029,1888,01,mp44,C,20
933,sec_1030,366,09,mp5,C,19
934,sec_1031,3426,01,mp140,SHFE,30
935,sec_1032,3643,01,mp8,K,40
936,sec_1033,260,01,mp13,K,66
937,sec_1035,1655,01,mp8,HM,18
938,sec_1036,2648,01,mp64,SHFE,40
939,sec_1037,2135,00,mp5,BSLC,72
940,sec_1038,1976,01,mp11,K,160
941,sec_1039,28,01,mp35,P,20
942,sec_1040,911,01,mp11,STU,75
943,sec_1041,2660,01,mp33,PBPL,-1
944,sec_1042,2540,01,mp5,TTI,38
945,sec_1043,3331,01,mp143,SSA,30
946,sec_1044,3272,01,mp11,C,-1
947,sec_1045,3452,01,mp5,SHFE,30
948,sec_1046,664,02,mp107,C,18
949,sec_1047,2384,01,mp190,SHFE,30
950,sec_1048,2126,BB,mp20,CLSC,120
951,sec_1049,3146,01,mp35,HM,14
952,sec_1050,2968,01,mp12,SS,40
953,sec_1051,3102,01,mp12,PSY,20
954,sec_1052,3051,01,mp12,SS,40
955,sec_1053,1071,02,mp7,CL,-1
956,sec_1054,2840,01,mp134,WB,15
957,sec_1055,2770,01,mp6,HM,20
958,sec_1056,3320,01,mp7,C,20
959,sec_1058,2503,02,mp156,LBQ,103
960,sec_1059,2531,06,mp45,SSA,-1
961,sec_1060,2408,01,mp29,P,15
962,sec_1061,1152,01,mp7,P,70
963,sec_1062,3330,01,mp24,BH,50
964,sec_1063,1969,01,mp20,E,70
965,sec_1064,3702,00,mp8,SS,38
966,sec_1066,3222,01,mp191,SHFE,-1
967,sec_1067,2332,85,mp95,GC,65
968,sec_1068,2733,01,mp5,BSLC,-1
969,sec_1069,3105,01,mp134,M,-1
970,sec_1070,3438,01,mp147,RY,45
971,sec_1071,471,01,mp6,HM,20
972,sec_1073,2912,04,mp15,SSA,25
973,sec_1074,2817,02,mp51,HC,65
974,sec_1075,3038,01,mp8,BSLC,20
975,sec_1076,3337,01,mp29,SS,25
976,sec_1077,2410,02,mp45,SSA,40
977,sec_1078,131,01,mp5,CWAC,18
978,sec_1079,3830,01,mp5,K,66
979,sec_1080,1065,06,mp35,C,-1
980,sec_1081,1122,03,mp65,HM,13
981,sec_1082,237,00,mp44,K,60
982,sec_1083,1375,01,mp192,C,15
983,sec_1084,2885,01,mp3,SS,35
984,sec_1085,2926,01,mp20,C,18
985,sec_1086,2731,01,mp193,S,40
986,sec_1088,3197,01,mp11,WB,15
987,sec_1089,149,01,mp194,CWAC,18
988,sec_1091,2869,01,mp12,CL,20
989,sec_1092,2778,04,mp103,HC,65
990,sec_1093,2742,01,mp5,HM,-1
991,sec_1094,2693,01,mp175,F,15
992,sec_1095,3296,01,mp12,HM,55
993,sec_1096,250,01,mp6,K,174
994,sec_1097,3338,01,mp36,HC,19
995,sec_1098,1068,09,mp35,WB,-1
996,sec_1099,2354,01,mp54,C,40
997,sec_1100,1262,50,mp8,E,30
998,sec_1101,2776,01,mp35,HGS,12
999,sec_1102,2241,01,mp8,BSLC,20
1000,sec_1104,3282,01,mp12,GSRP,20
1001,sec_1105,2671,34,mp81,,1
1002,sec_1106,2754,01,mp35,RO,20
1003,sec_1107,2532,01,mp15,LC,20
1004,sec_1109,676,01,mp5,PBPL,18
1005,sec_1110,2372,81,mp26,GC,65
1006,sec_1111,2994,81,mp154,GC,65
1007,sec_1112,2872,01,mp23,F,20
1008,sec_1113,2185,01,mp60,EBC,25
1009,sec_1114,407,01,mp7,RO,19
1010,sec_1115,2563,01,mp12,HM,12
1011,sec_1116,3482,01,mp195,CHAP,40
1012,sec_1117,614,02,mp13,STU,65
1013,sec_1118,3249,01,mp4,OR,20
1014,sec_1119,3679,01,mp73,LC,-1
1015,sec_1120,2535,01,mp196,CLSC,20
1016,sec_1121,1507,01,mp7,C,15
1017,sec_1122,2809,01,mp3,SSA,25
1018,sec_1123,2126,AA,mp6,CLSC,120
1019,sec_1124,1785,01,mp62,C,25
1020,sec_1125,2482,01,mp5,E,-1
1021,sec_1126,869,01,mp8,C,18
1022,sec_1127,366,10,mp7,C,19
1023,sec_1128,3810,01,mp35,PBPL,40
1024,sec_1129,349,01,mp7,E,19
1025,sec_1130,2896,01,mp118,B455,40
1026,sec_1131,1394,01,mp6,HM,20
1027,sec_1132,2041,01,mp153,LC,-1
1028,sec_1133,3397,01,mp194,LC,-1
1029,sec_1134,1972,01,mp12,E,90
1030,sec_1135,2124,00,mp6,BSLC,40
1031,sec_1136,3369,01,mp35,GO H,15
1032,sec_1137,173,01,mp86,PSY,25
1033,sec_1138,3345,00,mp184,C,30
1034,sec_1139,1080,05,mp11,C,-1
1035,sec_1140,3235,01,mp29,S,16
1036,sec_1141,3363,01,mp40,ED,15
1037,sec_1142,740,01,mp35,WB,16
1038,sec_1143,2791,34,mp106,DCAM,4
1039,sec_1144,3092,01,mp134,W,15
1040,sec_1145,901,01,mp12,W,15
1041,sec_1146,622,01,mp12,RY,-1
1042,sec_1148,3091,81,mp75,GC,65
1043,sec_1149,3153,01,mp12,E,30
1044,sec_1150,2557,01,mp19,SS,15
1045,sec_1151,3639,01,mp175,PSY,-1
1046,sec_1152,1599,01,mp140,S,70
1047,sec_1153,630,01,mp8,RY,78
1048,sec_1154,3719,01,mp197,HC,65
1049,sec_1156,602,00,mp12,BSLC,20
1050,sec_1157,3407,01,mp175,WB,20
1051,sec_1158,360,01,mp8,HM,80
1052,sec_1159,2859,01,mp7,S,70
1053,sec_1160,2833,01,mp37,WB,20
1054,sec_1161,1714,02,mp13,C,18
1055,sec_1162,2677,01,mp8,C,30
1056,sec_1163,2771,01,mp177,LBQ,20
1057,sec_1164,1683,02,mp13,C,18
1058,sec_1165,1453,01,mp12,OR,20
1059,sec_1166,3445,01,mp7,TTI,38
1060,sec_1167,2565,01,mp198,HC,65
1061,sec_1168,2853,01,mp87,WB,30
1062,sec_1169,3814,01,mp7,SS,50
1063,sec_1170,3356,01,mp29,WB,15
1064,sec_1171,3212,01,mp199,ERC,20
1065,sec_1172,3668,01,mp17,LC,15
1066,sec_1173,3630,01,mp8,BSLC,-1
1067,sec_1174,2862,01,mp178,HC,-1
1068,sec_1175,10,01,mp18,RO,40
1069,sec_1176,471,02,mp20,CL,20
1070,sec_1177,2451,01,mp51,HC,65
1071,sec_1178,120,01,mp11,CWAC,16
1072,sec_1179,2132,00,mp13,BSLC,45
1073,sec_1180,2283,00,mp12,KPTC,64
1074,sec_1182,163,01,mp5,HGS,80
1075,sec_1183,1696,02,mp13,C,18
1076,sec_1184,2692,01,mp74,LBQ,34
1077,sec_1185,3186,01,mp160,SHFE,20
1078,sec_1186,2735,01,mp7,PSY,-1
1079,sec_1187,3465,01,mp140,PBPL,40
1080,sec_1188,2100,00,mp13,CLSC,108
1081,sec_1189,1148,01,mp54,C,40
1082,sec_1190,2787,02,mp67,HC,65
1083,sec_1191,3800,81,mp85,B455,40
1084,sec_1193,2956,34,mp131,,1
1085,sec_1194,1065,01,mp5,WB,-1
1086,sec_1195,3637,01,mp7,S,25
1087,sec_1197,1974,03,mp13,E,50
1088,sec_1198,2439,33,mp94,,2
1089,sec_1199,373,04,mp12,C,19
1090,sec_1200,2887,01,mp120,C,18
1091,sec_1201,3632,01,mp200,HC,40
1092,sec_1202,3101,01,mp12,WB,20
1093,sec_1203,3314,01,mp12,SS,40
1094,sec_1205,3167,01,mp23,F,20
1095,sec_1206,3030,01,mp201,GC,-1
1096,sec_1207,1717,01,mp68,C,18
1097,sec_1208,2734,01,mp12,PBPL,30
1098,sec_1209,2410,01,mp45,SSA,40
1099,sec_1210,2597,01,mp73,SHFE,15
1100,sec_1212,2585,85,mp95,GC,65
1101,sec_1213,3460,01,mp7,RO,12
1102,sec_1214,2841,01,mp95,GC,25
1103,sec_1215,1083,03,mp19,K,-1
1104,sec_1216,2685,01,mp15,CL,20
1105,sec_1217,3571,01,mp16,LBQ,7
1106,sec_1218,898,02,mp8,SHFE,15
1107,sec_1219,3097,01,mp8,C,30
1108,sec_1220,934,01,mp7,E,19
1109,sec_1221,2716,01,mp89,P,35
1110,sec_1222,3509,01,mp144,Y,25
1111,sec_1223,3143,01,mp17,H,30
1112,sec_1224,595,01,mp7,SS,50
1113,sec_1225,3687,01,mp90,RO,12
1114,sec_1226,3576,00,mp12,BSLC,20
1115,sec_1227,2439,36,mp94,,2
1116,sec_1228,2791,32,mp106,DCAM,4
1117,sec_1229,1116,02,mp8,SHFE,15
1118,sec_1230,3720,01,mp162,LBQ,20
1119,sec_1231,2952,01,mp36,HC,65
1120,sec_1232,3498,01,mp12,GSRP,20
1121,sec_1233,3676,01,mp17,LC,15
1122,sec_1234,1921,01,mp8,S,20
1123,sec_1235,3251,01,mp1,JRL,15
1124,sec_1236,1231,56,mp8,E,30
1125,sec_1237,3032,30,mp82,,1
1126,sec_1238,3523,01,mp84,RO,17
1127,sec_1239,3031,01,mp140,S,70
1128,sec_1240,275,01,mp6,K,50
1129,sec_1241,2439,30,mp94,,1
1130,sec_1242,1226,31,mp20,RY,30
1131,sec_1243,2832,01,mp185,GC,-1
1132,sec_1244,2780,01,mp7,WB,18
1133,sec_1245,2325,01,mp11,RY,10
1134,sec_1246,1231,32,mp7,E,30
1135,sec_1247,1484,01,mp3,SS,35
1136,sec_1248,2652,01,mp29,P,15
1137,sec_1249,2452,01,mp47,STU,75
1138,sec_1250,3551,01,mp202,SHFE,-1
1139,sec_1251,1990,01,mp7,BG,17
1140,sec_1252,2877,01,mp8,RO,12
1141,sec_1253,3710,01,mp102,SSA,30
1142,sec_1254,1546,01,mp8,SS,150
1143,sec_1255,2965,01,mp31,S,20
1144,sec_1256,1986,01,mp68,E,20
1145,sec_1257,2529,01,mp7,HM,20
1146,sec_1258,2364,01,mp64,CWAC,16
1147,sec_1260,3717,01,mp129,PBPL,30
1148,sec_1261,2970,01,mp8,BSLC,20
1149,sec_1262,1639,01,mp20,C,18
1150,sec_1264,2589,01,mp4,OR,20
1151,sec_1265,3016,01,mp203,SHFE,-1
1152,sec_1266,720,01,mp12,WB,20
1153,sec_1267,1592,01,mp12,C,35
1154,sec_1268,2443,01,mp8,BSLC,20
1155,sec_1269,2916,01,mp98,KCBD,50
1156,sec_1270,3118,06,mp10,HC,65
1157,sec_1271,2004,01,mp33,LC,12
1158,sec_1272,3444,01,mp8,C,30
1159,sec_1273,3813,01,mp35,PBPL,40
1160,sec_1274,2562,01,mp8,K,150
1161,sec_1275,988,01,mp12,SS,40
1162,sec_1276,2344,01,mp122,LC,-1
1163,sec_1277,2945,01,mp185,,5
1164,sec_1278,2886,01,mp7,C,25
1165,sec_1279,2803,01,mp53,HC,65
1166,sec_1280,38,01,mp7,SS,20
1167,sec_1281,3736,01,mp33,PBPL,-1
1168,sec_1282,1223,25,mp6,SS,27
1169,sec_1283,2457,02,mp103,HC,65
1170,sec_1284,692,01,mp7,WB,18
1171,sec_1285,2040,01,mp76,LC,-1
1172,sec_1286,3385,01,mp12,S,16
1173,sec_1287,3490,81,mp75,GC,65
1174,sec_1288,2492,01,mp5,CL,25
1175,sec_1289,1168,01,mp84,P,-1
1176,sec_1290,2539,01,mp200,HC,40
1177,sec_1291,2462,01,mp90,M,-1
1178,sec_1292,103,03,mp204,CWAC,18
1179,sec_1294,884,01,mp20,WB,20
1180,sec_1297,3751,01,mp154,GC,20
1181,sec_1298,2393,02,mp5,PBPL,-1
1182,sec_1299,3279,01,mp68,E,25
1183,sec_1300,2688,01,mp77,RO,12
1184,sec_1301,1518,01,mp11,C,-1
1185,sec_1302,3619,02,mp3,SSA,-1
1186,sec_1303,3626,01,mp7,BSLC,20
1187,sec_1304,3242,01,mp29,SSA,25
1188,sec_1305,235,01,mp20,K,286
1189,sec_1306,2922,01,mp39,LBQ,20
1190,sec_1307,2090,01,mp5,BSLC,40
1191,sec_1308,3301,01,mp205,CH,-1
1192,sec_1309,3050,02,mp57,LBQ,85
1193,sec_1310,3511,01,mp15,LC,-1
1194,sec_1311,3488,01,mp136,LBQ,56
1195,sec_1312,1226,51,mp62,RY,30
1196,sec_1313,3562,01,mp11,C,30
1197,sec_1314,2816,01,mp3,GO H,-1
1198,sec_1315,2648,04,mp35,SHFE,40
1199,sec_1316,3039,01,mp120,C,18
1200,sec_1317,1065,02,mp7,Y,-1
1201,sec_1318,2457,04,mp8,HC,-1
1202,sec_1320,102,01,mp104,H,15
1203,sec_1321,3593,01,mp7,CWAC,12
1204,sec_1322,801,01,mp15,JRL,14
1205,sec_1323,979,01,mp43,WB,15
1206,sec_1324,1885,01,mp206,SS,-1
1207,sec_1325,103,01,mp11,CWAC,18
1208,sec_1326,2345,01,mp51,CHAP,-1
1209,sec_1327,2365,02,mp103,HC,55
1210,sec_1328,1960,01,mp62,C,10
1211,sec_1329,3479,01,mp143,SSA,25
1212,sec_1330,3035,01,mp8,SS,45
1213,sec_1331,373,03,mp7,SS,19
1214,sec_1332,3309,01,mp90,S,20
1215,sec_1333,1624,01,mp18,F,30
1216,sec_1334,611,02,mp68,KPTC,64
1217,sec_1335,3550,81,mp75,GC,65
1218,sec_1337,3495,01,mp8,BSLC,-1
1219,sec_1338,3769,01,mp10,HC,36
1220,sec_1339,1482,00,mp24,HM,66
1221,sec_1340,3388,01,mp134,JRL,15
1222,sec_1341,2607,85,mp95,GC,55
1223,sec_1342,3657,01,mp207,H,20
1224,sec_1344,2588,01,mp20,K,25
1225,sec_1346,3383,01,mp8,C,30
1226,sec_1347,3013,01,mp175,S,20
1227,sec_1348,1068,10,mp35,C,-1
1228,sec_1350,2395,01,mp29,WB,15
1229,sec_1351,1087,01,mp20,PBPL,7
1230,sec_1352,775,01,mp175,S,20
1231,sec_1353,2476,01,mp5,GO H,15
1232,sec_1354,3239,01,mp152,LBQ,20
1233,sec_1355,2845,01,mp35,S,25
1234,sec_1356,613,01,mp68,RY,-1
1235,sec_1357,2183,01,mp12,BSLC,30
1236,sec_1359,158,01,mp199,KPTC,25
1237,sec_1360,3549,01,mp162,LBQ,20
1238,sec_1361,3413,01,mp35,W,15
1239,sec_1362,1062,12,mp12,SHFE,-1
1240,sec_1363,1647,02,mp20,C,18
1241,sec_1364,2340,82,mp26,GC,65
1242,sec_1365,1179,01,mp8,F,20
1243,sec_1366,2335,01,mp12,E,25
1244,sec_1367,2974,01,mp5,S,20
1245,sec_1368,2649,01,mp11,SS,20
1246,sec_1369,2400,01,mp33,SSA,40
1247,sec_1371,2900,01,mp103,HC,65
1248,sec_1372,3450,00,mp12,CLSC,56
1249,sec_1373,3744,01,mp15,WB,20
1250,sec_1374,3255,01,mp39,LBQ,30
1251,sec_1375,3743,01,mp79,H,30
1252,sec_1377,1226,50,mp8,RY,20
1253,sec_1378,1598,01,mp7,S,70
1254,sec_1379,142,01,mp7,CWAC,12
1255,sec_1380,1399,01,mp20,OR,20
1256,sec_1381,3305,01,mp165,JRL,20
1257,sec_1382,2379,01,mp16,LBQ,20
1258,sec_1384,3682,01,mp77,SS,15
1259,sec_1385,3323,01,mp208,BPSB,-1
1260,sec_1386,1560,01,mp35,K,170
1261,sec_1387,2559,01,mp29,JRL,15
1262,sec_1388,697,01,mp105,C,20
1263,sec_1389,2114,01,mp7,BSLC,50
1264,sec_1390,643,01,mp13,RY,-1
1265,sec_1391,2641,01,mp7,PBPL,30
1266,sec_1392,1849,01,mp7,P,35
1267,sec_1393,2542,01,mp12,CLSC,75
1268,sec_1394,664,01,mp105,C,18
1269,sec_1395,2706,01,mp67,CHAP,-1
1270,sec_1396,1696,01,mp20,C,18
1271,sec_1397,832,01,mp7,HGS,18
1272,sec_1398,2935,82,mp28,GC,55
1273,sec_1400,3036,01,mp1,SSA,30
1274,sec_1401,2861,01,mp209,HC,55
1275,sec_1402,1077,10,mp7,RO,-1
1276,sec_1403,2512,01,mp210,LBQ,25
1277,sec_1404,2430,01,mp18,F,30
1278,sec_1405,2998,02,mp140,PBPL,-1
1279,sec_1406,2327,01,mp127,C,12
1280,sec_1407,1023,01,mp35,BSLC,-1
1281,sec_1408,898,01,mp11,WB,15
1282,sec_1409,1062,15,mp12,C,-1
1283,sec_1411,2720,02,mp12,RO,50
1284,sec_1412,1832,00,mp30,SS,150
1285,sec_1413,2427,01,mp17,HM,20
1286,sec_1414,2592,01,mp3,WB,15
1287,sec_1415,3528,01,mp7,F,25
1288,sec_1416,2020,00,mp12,STU,50
1289,sec_1417,855,01,mp13,HGS,60
1290,sec_1418,2495,01,mp15,WB,20
1291,sec_1419,3757,01,mp24,WB,12
1292,sec_1421,3209,01,mp13,C,20
1293,sec_1422,2080,11,mp211,BSLC,48
1294,sec_1423,1071,15,mp24,C,-1
1295,sec_1424,2596,03,mp15,SSA,-1
1296,sec_1425,2672,00,mp30,STU,66
1297,sec_1426,2784,01,mp7,BSLC,25
1298,sec_1427,1235,35,mp20,RY,30
1299,sec_1428,3283,01,mp11,WB,20
1300,sec_1429,1493,00,mp12,CLSC,56
1301,sec_1430,697,02,mp107,C,20
1302,sec_1431,1083,01,mp19,K,-1
1303,sec_1432,3589,01,mp20,E,-1
1304,sec_1433,3581,01,mp55,MS,130
1305,sec_1434,1716,01,mp68,C,18
1306,sec_1435,3211,01,mp7,PSY,20
1307,sec_1436,1158,01,mp8,SS,150
1308,sec_1437,2867,01,mp115,SSA,30
1309,sec_1438,2752,01,mp12,BSLC,40
1310,sec_1439,3304,01,mp12,RO,50
1311,sec_1440,1819,01,mp119,K,19
1312,sec_1441,3561,01,mp212,BH,-1
1313,sec_1442,2386,01,mp213,CLSC,-1
1314,sec_1444,3286,01,mp152,LBQ,-1
1315,sec_1445,1233,43,mp13,SS,25
1316,sec_1446,2740,01,mp157,F,18
1317,sec_1447,3234,01,mp16,LBQ,-1
1318,sec_1448,2505,05,mp1,SSA,40
1319,sec_1449,2708,01,mp18,F,30
1320,sec_1450,2204,01,mp7,BSLC,48
1321,sec_1451,3268,01,mp7,ED,-1
1322,sec_1452,3625,01,mp8,RY,78
1323,sec_1453,1010,01,mp77,HM,12
1324,sec_1454,2352,01,mp5,WB,18
1325,sec_1455,2522,01,mp39,LBQ,20
1326,sec_1456,2410,07,mp33,SSA,40
1327,sec_1457,3052,02,mp34,HC,65
1328,sec_1458,3795,01,mp11,WB,15
1329,sec_1459,2697,01,mp115,SSA,25
1330,sec_1461,376,02,mp8,C,25
1331,sec_1462,1219,22,mp6,E,27
1332,sec_1463,3586,01,mp181,S,20
1333,sec_1464,1226,33,mp20,SS,30
1334,sec_1465,2653,01,mp182,F,15
1335,sec_1466,2602,01,mp214,SHFE,30
1336,sec_1468,3025,01,mp215,,20
1337,sec_1469,2817,04,mp216,HC,65
1338,sec_1470,2782,01,mp12,BSLC,25
1339,sec_1471,3785,01,mp104,JRL,-1
1340,sec_1472,2802,01,mp29,H,15
1341,sec_1473,2773,01,mp175,F,15
1342,sec_1474,1460,01,mp217,CL,15
1343,sec_1475,378,02,mp12,C,19
1344,sec_1476,3497,01,mp185,GC,-1
1345,sec_1477,3673,01,mp218,LBQ,20
1346,sec_1478,3457,02,mp173,M,-1
1347,sec_1479,2498,85,mp95,GC,70
1348,sec_1480,1080,04,mp12,C,-1
1349,sec_1481,2603,05,mp188,SSA,-1
1350,sec_1482,2917,01,mp219,C,20
1351,sec_1483,3120,01,mp84,RO,17
1352,sec_1485,520,01,mp12,C,30
1353,sec_1486,1909,01,mp12,C,10
1354,sec_1487,2936,01,mp86,MS,25
1355,sec_1488,3077,01,mp104,LC,-1
1356,sec_1489,2679,01,mp51,HC,19
1357,sec_1490,1653,02,mp13,C,18
1358,sec_1491,2883,34,mp121,,1
1359,sec_1492,1219,46,mp13,P,27
1360,sec_1493,367,07,mp12,C,19
1361,sec_1494,2720,01,mp7,STU,50
1362,sec_1495,2783,01,mp15,WB,20
1363,sec_1496,3081,01,mp15,WB,20
1364,sec_1497,2330,01,mp67,HC,65
1365,sec_1499,2509,01,mp37,SHFE,20
1366,sec_1500,706,01,mp8,C,20
1367,sec_1501,3027,01,mp35,RO,12
1368,sec_1502,3359,01,mp13,C,18
1369,sec_1503,3312,01,mp114,RY,-1
1370,sec_1504,3767,01,mp220,CL,10
1371,sec_1505,3353,01,mp25,C,18
1372,sec_1506,1894,01,mp221,C,18
1373,sec_1507,1648,04,mp62,C,18
1374,sec_1508,3256,01,mp222,PBPL,30
1375,sec_1509,1230,45,mp13,SS,30
1376,sec_1510,3809,01,mp223,Z,10
1377,sec_1511,3557,01,mp12,CL,25
1378,sec_1512,932,00,mp130,STU,75
1379,sec_1513,2336,02,mp5,SHFE,10
1380,sec_1514,2104,01,mp13,HGS,60
1381,sec_1515,3484,01,mp12,SS,35
1382,sec_1516,3667,01,mp8,SHFE,-1
1383,sec_1518,944,01,mp8,CL,40
1384,sec_1519,2651,01,mp12,BSLC,25
1385,sec_1520,3024,01,mp1,SHFE,15
1386,sec_1521,1234,55,mp62,RY,30
1387,sec_1522,3264,01,mp224,RO,40
1388,sec_1523,848,01,mp68,HGS,20
1389,sec_1525,1866,01,mp7,PSY,40
1390,sec_1526,1071,03,mp8,HM,-1
1391,sec_1527,1838,02,mp35,GSRP,19
1392,sec_1528,1685,01,mp20,C,18
1393,sec_1529,3784,01,mp212,BH,-1
1394,sec_1531,3188,01,mp225,MS,130
1395,sec_1533,3695,01,mp37,S,15
1396,sec_1534,2518,01,mp7,F,25
1397,sec_1535,3326,01,mp8,Y,20
1398,sec_1536,3463,01,mp39,LBQ,30
1399,sec_1537,1062,01,mp5,CL,-1
1400,sec_1538,2041,03,mp226,LC,-1
1401,sec_1539,1528,01,mp7,P,70
1402,sec_1540,1219,48,mp13,RY,28
1403,sec_1541,2414,01,mp83,SHFE,14
1404,sec_1542,2357,01,mp3,SSA,25
1405,sec_1543,1231,34,mp7,RY,30
1406,sec_1544,2906,01,mp29,SSA,18
1407,sec_1545,3371,01,mp227,C,20
1408,sec_1546,2656,01,mp209,HC,65
1409,sec_1547,2648,02,mp140,SHFE,40
1410,sec_1548,1789,01,mp140,MS,80
1411,sec_1549,1996,01,mp228,LC,12
1412,sec_1550,2648,06,mp5,SHFE,40
1413,sec_1551,3360,01,mp34,HC,65
1414,sec_1552,3768,01,mp12,SHFE,70
1415,sec_1553,3163,01,mp115,SSA,25
1416,sec_1554,1062,04,mp12,C,-1
1417,sec_1555,1091,01,mp86,PSY,25
1418,sec_1556,2177,01,mp11,BSLC,100
1419,sec_1557,3738,01,mp15,SHFE,12
1420,sec_1558,2619,01,mp178,HC,15
1421,sec_1559,2580,81,mp85,GC,65
1422,sec_1560,2569,01,mp1,WB,18
1423,sec_1561,2377,01,mp43,G,25
1424,sec_1562,127,01,mp8,CWAC,16
1425,sec_1564,1714,03,mp62,C,18
1426,sec_1565,3411,01,mp23,C,25
1427,sec_1566,2346,02,mp35,RY,35
1428,sec_1567,2626,01,mp7,P,18
1429,sec_1568,1804,01,mp8,C,30
1430,sec_1569,2982,01,mp12,PBPL,50
1431,sec_1570,2442,01,mp38,HC,65
1432,sec_1571,2506,01,mp35,SS,25
1433,sec_1572,3529,01,mp229,SHFE,-1
1434,sec_1573,2493,00,mp30,STU,60
1435,sec_1574,3466,01,mp7,SS,35
1436,sec_1575,1714,01,mp20,C,18
1437,sec_1576,367,02,mp35,C,19
1438,sec_1577,2421,01,mp53,G,-1
1439,sec_1578,934,02,mp5,LC,19
1440,sec_1579,383,01,mp20,C,70
1441,sec_1580,1010,05,mp77,HM,12
1442,sec_1581,1373,03,mp68,C,15
1443,sec_1582,1065,13,mp24,C,-1
1444,sec_1583,3642,01,mp225,MS,130
1445,sec_1584,1321,02,mp11,GO H,17
1446,sec_1585,72,01,mp11,C,30
1447,sec_1586,1652,01,mp13,C,18
1448,sec_1587,2040,04,mp40,LC,-1
1449,sec_1589,3366,01,mp3,S,18
1450,sec_1590,2520,01,mp12,SS,40
1451,sec_1591,3290,01,mp28,GC,25
1452,sec_1592,2483,03,mp15,SSA,25
1453,sec_1593,2975,31,mp82,,2
1454,sec_1595,1651,02,mp20,C,18
1455,sec_1597,1585,01,mp86,PSY,25
1456,sec_1598,1713,02,mp13,C,18
1457,sec_1599,3202,01,mp115,SSA,25
1458,sec_1600,1714,04,mp68,C,18
1459,sec_1601,1252,51,mp62,E,34
1460,sec_1602,3520,01,mp35,KPTC,25
1461,sec_1603,2992,01,mp15,JRL,14
1462,sec_1604,2755,01,mp3,S,18
1463,sec_1605,3782,01,mp37,S,15
1464,sec_1607,1080,03,mp8,CL,-1
1465,sec_1608,3135,30,mp183,MH,24
1466,sec_1609,2883,32,mp121,,1
1467,sec_1610,2324,01,mp98,KCBD,50
1468,sec_1612,3537,01,mp84,LC,15
1469,sec_1613,3788,01,mp17,JRL,25
1470,sec_1614,3592,01,mp8,HM,18
1471,sec_1615,3480,81,mp28,GC,65
1472,sec_1617,3781,01,mp134,LC,-1
1473,sec_1618,3374,01,mp12,WB,18
1474,sec_1619,3391,01,mp133,LBQ,11
1475,sec_1620,1534,01,mp35,RY,25
1476,sec_1621,3559,01,mp7,PSY,-1
1477,sec_1622,2466,01,mp12,STU,50
1478,sec_1623,3741,01,mp15,HM,20
1479,sec_1624,3597,00,mp61,C,38
1480,sec_1625,1710,06,mp68,C,18
1481,sec_1626,1077,15,mp8,WB,-1
1482,sec_1627,1319,01,mp35,LC,17
1483,sec_1628,1185,00,mp5,SS,40
1484,sec_1629,1077,09,mp8,C,-1
1485,sec_1630,2719,81,mp75,GC,65
1486,sec_1631,1071,12,mp7,P,-1
1487,sec_1632,3442,01,mp11,C,30
1488,sec_1633,1107,01,mp12,C,25
1489,sec_1634,235,02,mp20,K,286
1490,sec_1635,108,02,mp12,CWAC,23
1491,sec_1636,2013,01,mp230,LC,12
1492,sec_1637,2715,01,mp7,JRL,25
1493,sec_1638,3108,01,mp8,C,20
1494,sec_1639,908,01,mp20,C,70
1495,sec_1640,872,02,mp24,C,18
1496,sec_1641,682,02,mp105,C,20
1497,sec_1642,1616,01,mp86,PSY,25
1498,sec_1644,3648,01,mp165,JRL,20
1499,sec_1645,2822,01,mp84,LC,-1
1500,sec_1646,2549,01,mp15,S,40
1501,sec_1647,3118,05,mp209,HC,65
1502,sec_1648,3352,01,mp53,G,-1
1503,sec_1649,2360,01,mp1,SHFE,15
1504,sec_1650,3229,32,mp231,MH,24
1505,sec_1652,3044,01,mp154,GC,25
1506,sec_1653,870,01,mp11,C,18
1507,sec_1654,1300,01,mp13,BSLC,30
1508,sec_1656,3754,01,mp66,RY,25
1509,sec_1657,2998,04,mp64,PBPL,-1
1510,sec_1658,3206,01,mp17,JRL,18
1511,sec_1659,2948,01,mp127,C,12
1512,sec_1660,3261,01,mp112,F,30
1513,sec_1661,2374,01,mp74,LBQ,85
1514,sec_1662,3457,01,mp175,M,-1
1515,sec_1663,2888,01,mp36,HC,65
1516,sec_1664,2400,06,mp45,SSA,40
1517,sec_1665,1819,09,mp119,K,19
1518,sec_1667,3317,01,mp134,M,-1
1519,sec_1668,441,01,mp13,CL,25
1520,sec_1669,2768,01,mp35,BSLC,18
1521,sec_1670,2505,06,mp1,SSA,40
1522,sec_1671,3021,01,mp8,Y,20
1523,sec_1672,1650,01,mp20,C,18
1524,sec_1673,3032,32,mp82,,1
1525,sec_1674,2312,01,mp6,HGS,90
1526,sec_1675,3552,01,mp12,SHFE,30
1527,sec_1676,2505,02,mp1,SSA,40
1528,sec_1677,2162,01,mp12,BSLC,40
1529,sec_1678,104,01,mp35,CWAC,23
1530,sec_1679,1720,01,mp20,C,18
1531,sec_1680,2336,01,mp232,SHFE,10
1532,sec_1681,553,01,mp233,CL,-1
1533,sec_1682,2531,04,mp33,SSA,-1
1534,sec_1683,2763,01,mp7,PSY,20
1535,sec_1684,1710,05,mp62,C,18
1536,sec_1685,3635,01,mp234,S,20
1537,sec_1686,2787,01,mp178,HC,65
1538,sec_1687,2497,01,mp7,WB,20
1539,sec_1688,1062,06,mp35,C,-1
1540,sec_1689,2759,01,mp161,LC,-1
1541,sec_1690,3218,01,mp5,S,20
1542,sec_1691,2985,01,mp9,RO,20
1543,sec_1692,2153,01,mp7,BSLC,25
1544,sec_1693,2895,01,mp223,Z,10
1545,sec_1694,2842,01,mp9,SHFE,15
1546,sec_1695,3476,01,mp235,GC,20
1547,sec_1696,1122,01,mp236,HM,13
1548,sec_1697,3368,01,mp123,C,30
1549,sec_1698,3096,01,mp8,C,30
1550,sec_1699,679,01,mp151,C,18
1551,sec_1700,3227,01,mp5,C,25
1552,sec_1701,2536,32,mp237,,1
1553,sec_1703,2080,10,mp238,BSLC,48
1554,sec_1704,598,00,mp184,C,30
1555,sec_1705,2745,01,mp239,GC,25
1556,sec_1706,3763,01,mp35,C,35
1557,sec_1708,3620,01,mp64,F,20
1558,sec_1709,112,01,mp5,CWAC,23
1559,sec_1710,738,01,mp165,WB,22
1560,sec_1711,3565,01,mp156,LBQ,34
1561,sec_1712,2803,02,mp34,HC,65
1562,sec_1713,422,01,mp5,CL,25
1563,sec_1714,2701,01,mp3,WB,15
1564,sec_1715,2291,00,mp35,K,228
1565,sec_1716,3291,01,mp3,H,12
1566,sec_1717,3685,01,mp122,LC,-1
1567,sec_1718,3109,01,mp51,HC,19
1568,sec_1719,1222,45,mp13,K,27
1569,sec_1720,3297,01,mp140,MS,80
1570,sec_1721,1258,55,mp62,E,35
1571,sec_1722,2350,01,mp8,Y,20
1572,sec_1724,2721,01,mp11,C,-1
1573,sec_1725,2821,01,mp12,CWAC,18
1574,sec_1726,2056,01,mp161,LC,15
1575,sec_1728,1219,20,mp6,E,24
1576,sec_1729,2963,01,mp8,S,20
1577,sec_1730,1083,07,mp19,K,-1
1578,sec_1731,2987,02,mp17,SHFE,20
1579,sec_1732,3219,01,mp54,C,40
1580,sec_1733,3392,01,mp8,C,30
1581,sec_1734,2707,81,mp28,GC,65
1582,sec_1735,3749,02,mp103,HC,65
1583,sec_1736,3507,01,mp11,SHFE,-1
1584,sec_1738,1006,01,mp17,JRL,25
1585,sec_1739,1183,00,mp20,STU,50
1586,sec_1740,2368,01,mp12,E,20
1587,sec_1741,2915,01,mp140,HM,50
1588,sec_1743,2599,01,mp129,PBPL,30
1589,sec_1744,50,01,mp7,H,-1
1590,sec_1745,3254,81,mp28,GC,65
1591,sec_1746,1662,01,mp35,HM,24
1592,sec_1747,378,03,mp35,SS,19
1593,sec_1748,357,02,mp35,HM,-1
1594,sec_1749,1071,16,mp8,WB,-1
1595,sec_1751,2902,04,mp240,LBQ,34
1596,sec_1752,3201,01,mp5,WB,18
1597,sec_1753,2400,03,mp33,SSA,40
1598,sec_1754,1800,01,mp12,C,30
1599,sec_1755,2682,01,mp15,JRL,14
1600,sec_1756,2393,01,mp7,PBPL,-1
1601,sec_1757,2875,00,mp24,HM,66
1602,sec_1758,3570,01,mp67,B455,36
1603,sec_1759,1969,02,mp62,E,70
1604,sec_1760,2425,01,mp3,S,20
1605,sec_1761,1625,01,mp35,S,25
1606,sec_1762,2389,31,mp141,,2
1607,sec_1763,877,01,mp35,HM,20
1608,sec_1765,3807,01,mp165,JRL,20
1609,sec_1766,1319,02,mp8,GO H,17
1610,sec_1767,2797,01,mp12,CL,20
1611,sec_1768,1005,01,mp17,SHFE,16
1612,sec_1770,2757,01,mp104,PSY,20
1613,sec_1771,1255,01,mp6,SS,30
1614,sec_1772,3512,01,mp134,HM,12
1615,sec_1773,2410,04,mp45,SSA,40
1616,sec_1774,2362,01,mp86,WB,20
1617,sec_1775,3485,01,mp5,BSLC,15
1618,sec_1776,3659,01,mp241,KCBD,40
1619,sec_1777,3706,01,mp8,CWAC,16
1620,sec_1778,3349,01,mp12,C,30
1621,sec_1779,2528,01,mp5,A,10
1622,sec_1780,2514,01,mp11,C,-1
1623,sec_1781,2172,01,mp71,H,30
1624,sec_1782,3117,02,mp36,HC,65
1625,sec_1783,2517,01,mp84,PSY,-1
1626,sec_1784,3474,02,mp37,SSA,-1
1627,sec_1786,3812,01,mp151,OR,20
1628,sec_1787,1492,00,mp8,SS,38
1629,sec_1789,2389,33,mp141,,2
1630,sec_1790,2898,01,mp36,HC,30
1631,sec_1791,2120,00,mp6,BSLC,72
1632,sec_1792,2381,01,mp7,CL,25
1633,sec_1793,2905,01,mp43,G,25
1634,sec_1795,2099,01,mp13,BSLC,45
1635,sec_1796,2591,01,mp12,WB,20
1636,sec_1797,3187,01,mp20,C,18
1637,sec_1798,3037,01,mp3,H,-1
1638,sec_1799,1299,01,mp24,BSLC,30
1639,sec_1800,1230,47,mp13,SS,30
1640,sec_1801,551,01,mp12,HM,18
1641,sec_1802,461,01,mp7,CL,20
1642,sec_1803,176,01,mp17,JRL,25
1643,sec_1804,2024,03,mp149,LC,-1
1644,sec_1806,3204,01,mp194,CWAC,12
1645,sec_1807,3103,01,mp68,E,25
1646,sec_1808,3325,02,mp173,M,-1
1647,sec_1809,2079,01,mp17,LC,20
1648,sec_1810,3375,01,mp3,CWAC,12
1649,sec_1811,114,01,mp5,CWAC,23
1650,sec_1812,989,01,mp35,SS,35
1651,sec_1813,350,01,mp7,H,-1
1652,sec_1814,3213,01,mp5,CWAC,18
1653,sec_1815,3582,01,mp152,LBQ,20
1654,sec_1816,1258,53,mp62,E,35
1655,sec_1817,1793,01,mp54,F,30
1656,sec_1818,2361,82,mp26,GC,65
1657,sec_1819,1388,01,mp8,C,10
1658,sec_1820,2353,01,mp7,PSY,20
1659,sec_1821,634,01,mp11,RY,-1
1660,sec_1822,3601,01,mp35,S,25
1661,sec_1823,3351,01,mp12,E,25
1662,sec_1825,2627,31,mp63,,2
1663,sec_1826,3672,01,mp242,KCBD,40
1664,sec_1827,1208,01,mp12,C,25
1665,sec_1828,2139,01,mp7,BSLC,20
1666,sec_1829,2661,01,mp175,RO,12
1667,sec_1831,3401,01,mp12,SHFE,30
1668,sec_1832,2835,02,mp34,HC,70
1669,sec_1833,689,01,mp25,C,18
1670,sec_1834,3198,01,mp89,P,35
1671,sec_1835,2418,01,mp85,GC,25
1672,sec_1836,3622,01,mp35,F,18
1673,sec_1837,3724,01,mp53,G,-1
1674,sec_1838,562,01,mp35,GSRP,25
1675,sec_1839,3011,01,mp35,SS,15
1676,sec_1841,3295,01,mp243,HC,65
1677,sec_1843,3441,01,mp244,SHFE,-1
1678,sec_1844,1135,01,mp15,F,-1
1679,sec_1845,3566,01,mp245,SHFE,-1
1680,sec_1846,2485,01,mp57,LBQ,53
1681,sec_1847,1235,51,mp62,E,30
1682,sec_1848,2779,01,mp230,H,-1
1683,sec_1849,1226,32,mp7,E,20
1684,sec_1852,3818,01,mp3,M,-1
1685,sec_1853,62,01,mp12,W,15
1686,sec_1855,2934,01,mp246,SHFE,-1
1687,sec_1856,1235,31,mp20,E,30
1688,sec_1857,2628,32,mp247,,20
1689,sec_1858,1442,01,mp11,C,30
1690,sec_1859,3316,01,mp140,S,40
1691,sec_1860,3543,01,mp115,SSA,-1
1692,sec_1862,3410,01,mp17,H,30
1693,sec_1863,1234,45,mp13,KPTC,30
1694,sec_1864,1222,41,mp13,RO,27
1695,sec_1865,2410,08,mp127,SSA,40
1696,sec_1866,3007,01,mp3,S,18
1697,sec_1867,1065,12,mp12,RO,-1
1698,sec_1868,2743,02,mp248,LC,-1
1699,sec_1869,3269,01,mp16,LBQ,36
1700,sec_1870,2627,33,mp63,,2
1701,sec_1871,2691,00,mp30,STU,60
1702,sec_1872,2385,01,mp35,GSRP,25
1703,sec_1874,3303,01,mp53,HC,65
1704,sec_1875,3089,01,mp146,GO H,15
1705,sec_1876,2389,34,mp141,,2
1706,sec_1877,2902,05,mp240,LBQ,34
1707,sec_1878,2700,01,mp35,RO,20
1708,sec_1879,1137,00,mp12,CLSC,56
1709,sec_1880,239,01,mp20,K,75
1710,sec_1881,2838,00,mp12,STU,50
1711,sec_1882,3789,01,mp7,SS,50
1712,sec_1884,3427,01,mp3,SSA,20
1713,sec_1885,1360,01,mp249,GO H,15
1714,sec_1886,2042,01,mp161,LC,-1
1715,sec_1887,2553,01,mp86,H,16
1716,sec_1888,2902,02,mp189,LBQ,34
1717,sec_1889,3123,01,mp90,WB,20
1718,sec_1890,2401,01,mp90,SS,25
1719,sec_1891,1226,21,mp6,RY,30
1720,sec_1892,3194,01,mp64,SHFE,30
1721,sec_1893,1219,24,mp6,E,27
1722,sec_1894,2505,07,mp1,SSA,40
1723,sec_1895,1628,01,mp12,RO,40
1724,sec_1896,2603,06,mp188,SSA,-1
1725,sec_1897,3541,01,mp12,WB,20
1726,sec_1898,3023,01,mp1,SSA,20
1727,sec_1899,315,01,mp122,LC,-1
1728,sec_1900,1218,58,mp62,P,24
1729,sec_1901,2927,01,mp250,HC,70
1730,sec_1902,3156,01,mp16,LBQ,7
1731,sec_1903,3298,01,mp8,OR,15
1732,sec_1904,2839,01,mp25,BSLC,25
1733,sec_1906,709,01,mp5,CWAC,23
1734,sec_1907,722,01,mp12,HM,12
1735,sec_1908,2947,01,mp20,HGS,20
1736,sec_1909,1068,02,mp7,WB,-1
1737,sec_1910,3127,01,mp175,PSY,-1
1738,sec_1911,3195,01,mp175,OR,-1
1739,sec_1912,2892,02,mp7,SHFE,35
1740,sec_1913,3748,01,mp49,HC,65
1741,sec_1914,3178,00,mp11,STU,60
1742,sec_1916,332,01,mp40,ED,15
1743,sec_1917,2467,01,mp8,C,30
1744,sec_1918,3069,01,mp8,BSLC,30
1745,sec_1919,373,05,mp11,G,19
1746,sec_1920,3641,01,mp5,S,20
1747,sec_1921,1819,07,mp119,K,19
1748,sec_1922,3243,01,mp62,CL,20
1749,sec_1923,3176,01,mp251,LC,15
1750,sec_1924,1224,53,mp62,E,30
1751,sec_1925,1077,01,mp5,RO,-1
1752,sec_1926,926,01,mp8,HGS,80
1753,sec_1927,905,01,mp35,C,30
1754,sec_1928,2025,03,mp226,LC,-1
1755,sec_1929,3141,01,mp140,SHFE,30
1756,sec_1931,2410,03,mp45,SSA,40
1757,sec_1932,2505,04,mp1,SSA,40
1758,sec_1933,2463,32,mp252,,1
1759,sec_1934,2412,01,mp253,S,20
1760,sec_1936,1089,01,mp62,PBPL,7
1761,sec_1937,3670,01,mp175,OR,-1
1762,sec_1938,2594,01,mp11,C,15
1763,sec_1939,753,01,mp5,HM,70
1764,sec_1940,2533,01,mp152,LBQ,20
1765,sec_1941,1533,00,mp12,CLSC,56
1766,sec_1942,2908,01,mp35,BSLC,-1
1767,sec_1943,914,00,mp30,SS,150
1768,sec_1945,2439,34,mp94,,2
1769,sec_1946,3199,01,mp8,C,30
1770,sec_1947,3504,01,mp51,HC,65
1771,sec_1948,2829,02,mp54,SHFE,50
1772,sec_1949,3493,01,mp7,F,25
1773,sec_1950,949,01,mp62,CL,20
1774,sec_1951,2347,01,mp3,S,18
1775,sec_1952,1071,09,mp35,C,-1
1776,sec_1953,3526,01,mp7,SS,35
1777,sec_1954,2687,00,mp8,C,38
1778,sec_1955,353,00,mp30,SS,150
1779,sec_1956,2630,01,mp17,CL,15
1780,sec_1957,1010,03,mp77,HM,12
1781,sec_1958,3270,01,mp39,LBQ,30
1782,sec_1959,2002,01,mp175,LC,12
1783,sec_1960,865,01,mp254,C,18
1784,sec_1961,2581,01,mp12,CWAC,18
1785,sec_1962,3774,01,mp39,LBQ,30
1786,sec_1963,2670,01,mp255,HC,65
1787,sec_1965,412,01,mp8,CL,40
1788,sec_1966,3483,01,mp1,SHFE,15
1789,sec_1967,138,01,mp8,CWAC,18
1790,sec_1968,3749,01,mp67,HC,65
1791,sec_1969,2499,01,mp13,C,18
1792,sec_1970,2739,01,mp67,B455,40
1793,sec_1971,1819,03,mp119,K,19
1794,sec_1972,2837,01,mp241,KCBD,40
1795,sec_1973,2698,01,mp175,PBPL,50
1796,sec_1974,2680,01,mp52,LBQ,103
1797,sec_1975,2400,05,mp45,SSA,40
1798,sec_1976,3832,01,mp35,GSRP,25
1799,sec_1977,1507,02,mp8,C,15
1800,sec_1978,1233,41,mp13,E,25
1801,sec_1980,3606,01,mp256,GC,20
1802,sec_1981,2558,01,mp5,GO H,15
1803,sec_1983,2544,01,mp98,KCBD,50
1804,sec_1984,2789,33,mp257,,10
1805,sec_1986,3196,81,mp26,B455,40
1806,sec_1988,3594,01,mp75,GC,25
1807,sec_1989,2892,01,mp5,SHFE,35
1808,sec_1990,3430,01,mp53,RY,-1
1809,sec_1991,2942,01,mp5,C,30
1810,sec_1992,2695,34,mp258,BH,6
1811,sec_1993,2359,01,mp136,LBQ,34
1812,sec_1994,1379,02,mp259,C,12
1813,sec_1995,2807,01,mp8,C,30
1814,sec_1996,3071,01,mp29,SHFE,15
1815,sec_1998,2986,01,mp41,BH,50
1816,sec_1999,2991,01,mp47,STU,60
1817,sec_2000,1669,01,mp134,WB,15
1818,sec_2001,3111,01,mp193,PBPL,30
1819,sec_2002,2995,01,mp12,C,25
1820,sec_2003,2648,03,mp7,RO,40
1821,sec_2004,2891,01,mp89,SS,150
1822,sec_2006,2993,01,mp10,HC,65
1823,sec_2007,407,03,mp35,SS,19
1824,sec_2008,1223,11,mp44,E,27
1825,sec_2009,2956,30,mp131,,1
1826,sec_2012,1080,07,mp24,RO,-1
1827,sec_2014,851,01,mp5,HGS,18
1828,sec_2015,2627,30,mp63,,2
1829,sec_2017,3434,01,mp8,SHFE,-1
1830,sec_2018,105,01,mp11,CWAC,23
1831,sec_2019,2086,00,mp7,BSLC,40
1832,sec_2020,2024,04,mp40,LC,-1
1833,sec_2021,1351,01,mp47,GO H,12
1834,sec_2022,1826,01,mp20,C,70
1835,sec_2023,2818,01,mp22,S,20
1836,sec_2024,3325,01,mp175,M,-1
1837,sec_2025,3370,01,mp5,E,25
1838,sec_2026,2808,01,mp260,SHFE,-1
1839,sec_2027,1743,01,mp13,F,18
1840,sec_2028,242,00,mp7,K,286
1841,sec_2029,2748,01,mp29,SHFE,15
1842,sec_2031,661,02,mp105,C,18
1843,sec_2032,2633,01,mp15,SHFE,12
1844,sec_2034,3050,01,mp136,LBQ,-1
1845,sec_2035,2621,01,mp169,HGS,12
1846,sec_2036,2624,01,mp20,C,18
1847,sec_2037,2937,85,mp164,GC,65
1848,sec_2038,1083,05,mp19,K,-1
1849,sec_2040,2865,01,mp24,C,30
1850,sec_2041,2725,01,mp29,SS,25
1851,sec_2042,2440,03,mp29,SSA,25
1852,sec_2043,655,02,mp105,C,18
1853,sec_2044,2648,05,mp35,HM,40
1854,sec_2046,2889,01,mp230,LC,12
1855,sec_2047,358,01,mp8,HGS,80
1856,sec_2048,536,01,mp7,JRL,25
1857,sec_2049,407,02,mp12,C,19
1858,sec_2050,2681,01,mp15,RO,15
1859,sec_2052,3447,01,mp114,RY,40
1860,sec_2053,3705,01,mp261,HGS,-1
1861,sec_2054,3241,01,mp152,LBQ,20
1862,sec_2055,2909,01,mp262,SHFE,25
1863,sec_2056,1141,01,mp68,LBQ,-1
1864,sec_2057,2741,01,mp53,HC,70
1865,sec_2058,2508,01,mp53,HC,65
1866,sec_2059,2836,01,mp5,PBPL,30
1867,sec_2061,257,01,mp5,K,66
1868,sec_2062,130,01,mp15,JRL,14
1869,sec_2063,1536,01,mp37,GSRP,-1
1870,sec_2064,1231,58,mp8,E,30
1871,sec_2066,3416,01,mp1,S,-1
1872,sec_2067,3542,01,mp24,C,20
1873,sec_2068,3339,01,mp67,CL,10
1874,sec_2069,2197,01,mp7,SBRI,16
1875,sec_2070,893,01,mp12,C,30
1876,sec_2072,3280,01,mp1,RO,15
1877,sec_2073,2481,01,mp7,F,18
1878,sec_2074,1077,05,mp11,C,-1
1879,sec_2075,3043,01,mp143,SSA,25
1880,sec_2076,2669,01,mp263,BSLC,20
1881,sec_2077,3300,01,mp152,LBQ,20
1882,sec_2078,1525,01,mp12,K,200
1883,sec_2079,3064,01,mp12,OR,20
1884,sec_2080,137,01,mp102,CWAC,18
1885,sec_2081,1235,33,mp20,P,30
1886,sec_2082,2505,03,mp1,SSA,40
1887,sec_2083,2538,01,mp35,S,25
1888,sec_2084,3302,01,mp203,RO,25
1889,sec_2085,1860,01,mp7,ED,-1
1890,sec_2086,1819,02,mp119,K,19
1891,sec_2087,2879,01,mp15,JRL,14
1892,sec_2088,628,01,mp35,STU,60
1893,sec_2089,2531,05,mp33,SSA,-1
1894,sec_2090,2737,34,mp179,,1
1895,sec_2091,3439,01,mp97,HC,30
1896,sec_2092,1838,01,mp7,H,-1
1897,sec_2093,3613,01,mp23,M,-1
1898,sec_2094,3327,01,mp1,S,-1
1899,sec_2095,477,01,mp12,CL,25
1900,sec_2096,1650,02,mp13,C,18
1901,sec_2097,2403,01,mp182,F,15
1902,sec_2098,2951,01,mp12,S,20
1903,sec_2100,2901,01,mp5,S,20
1904,sec_2101,2366,01,mp112,F,30
1905,sec_2102,2337,01,mp160,SHFE,20
1906,sec_2103,3431,01,mp264,ERC,10
1907,sec_2104,2744,01,mp3,S,20
1908,sec_2105,3122,01,mp168,HC,65
1909,sec_2106,3098,01,mp13,WB,20
1910,sec_2107,2336,03,mp5,SHFE,10
1911,sec_2108,1711,03,mp62,C,18
1912,sec_2112,3605,01,mp7,PBPL,30
1913,sec_2113,1074,01,mp8,WB,-1
1914,sec_2114,748,01,mp195,CHAP,40
1915,sec_2115,3607,01,mp84,RO,17
1916,sec_2116,49,02,mp5,LC,19
1917,sec_2118,2164,01,mp24,BSLC,24
1918,sec_2119,1247,11,mp44,E,35
1919,sec_2120,1071,14,mp35,C,-1
1920,sec_2121,2479,01,mp265,SHFE,-1
1921,sec_2122,2893,01,mp266,GCIS,20
1922,sec_2123,3080,01,mp35,SHFE,40
1923,sec_2124,1570,01,mp7,SS,104
1924,sec_2125,1554,01,mp12,P,25
1925,sec_2126,2459,01,mp152,LBQ,12
1926,sec_2127,2751,01,mp90,SS,25
1927,sec_2128,2039,01,mp118,LC,-1
1928,sec_2129,970,01,mp8,STU,50
1929,sec_2130,1068,01,mp5,WB,-1
1930,sec_2131,3357,01,mp12,CL,20
1931,sec_2132,3533,01,mp7,ED,-1
1932,sec_2133,2957,01,mp17,CL,10
1933,sec_2134,3423,01,mp86,MS,25
1934,sec_2135,3574,01,mp134,W,15
1935,sec_2136,510,00,mp83,SS,104
1936,sec_2137,2441,01,mp11,E,30
1937,sec_2138,3294,01,mp29,SS,25
1938,sec_2139,2958,01,mp24,C,30
1939,sec_2140,797,01,mp5,GSRP,25
1940,sec_2141,2342,01,mp255,HC,65
1941,sec_2142,2632,01,mp161,LC,15
1942,sec_2143,3232,85,mp164,GC,65
1943,sec_2144,2603,08,mp188,SSA,-1
1944,sec_2145,1153,00,mp130,STU,75
1945,sec_2146,2902,06,mp240,LBQ,34
1946,sec_2147,3500,01,mp77,WB,-1
1947,sec_2148,2902,01,mp189,LBQ,34
1948,sec_2149,3584,01,mp37,SSA,25
1949,sec_2150,1906,01,mp68,C,10
1950,sec_2151,565,00,mp30,SS,150
1951,sec_2152,1723,01,mp35,SS,25
1952,sec_2153,3790,01,mp175,H,20
1953,sec_2154,2119,00,mp7,BSLC,40
1954,sec_2155,2506,02,mp8,C,25
1955,sec_2156,2686,01,mp77,S,20
1956,sec_2157,2511,01,mp134,W,15
1957,sec_2158,2451,03,mp34,HC,-1
1958,sec_2159,3230,01,mp12,C,25
1959,sec_2160,830,01,mp13,HGS,60
1960,sec_2161,3387,01,mp194,M,-1
1961,sec_2162,3515,01,mp29,C,15
1962,sec_2164,1541,01,mp3,SS,15
1963,sec_2165,3281,01,mp104,LC,-1
1964,sec_2166,3379,01,mp93,S,20
1965,sec_2168,1223,35,mp20,SS,27
1966,sec_2169,2433,01,mp176,BSLC,30
1967,sec_2170,2393,04,mp7,PBPL,-1
1968,sec_2171,1196,01,mp12,C,35
1969,sec_2172,2829,01,mp11,SHFE,50
1970,sec_2173,144,01,mp12,CWAC,18
1971,sec_2174,2501,81,mp75,GC,45
1972,sec_2175,2737,30,mp179,,1
1973,sec_2176,3462,01,mp5,C,25
1974,sec_2178,2410,05,mp33,SSA,40
1975,sec_2180,2409,01,mp11,S,20
1976,sec_2181,3595,01,mp7,ED,-1
1977,sec_2182,2414,02,mp83,HM,14
1978,sec_2183,1071,17,mp8,C,-1
1979,sec_2185,2564,81,mp26,B455,36
1980,sec_2186,958,01,mp11,C,-1
1981,sec_2187,465,01,mp6,CL,25
1982,sec_2188,2746,01,mp134,JRL,15
1983,sec_2189,661,01,mp151,C,18
1984,sec_2190,3516,01,mp114,Y,40
1985,sec_2191,2532,02,mp267,C,20
1986,sec_2192,2732,01,mp35,RY,40
1987,sec_2193,2694,32,mp268,,12
1988,sec_2194,2554,01,mp146,GO H,15
1989,sec_2195,3715,01,mp90,S,20
1990,sec_2196,3563,01,mp8,P,-1
1991,sec_2198,2111,01,mp12,BSLC,60
1992,sec_2199,2950,01,mp15,F,-1
1993,sec_2200,3547,01,mp37,P,20
1994,sec_2201,3690,01,mp269,ART INT,12
1995,sec_2202,3048,01,mp77,W,25
1996,sec_2203,2505,08,mp1,SSA,40
1997,sec_2204,3646,00,mp270,STU,52
1998,sec_2205,3696,01,mp5,HGS,18
1999,sec_2206,2340,81,mp75,GC,65
2000,sec_2207,1077,03,mp8,C,-1
2001,sec_2208,2643,00,mp271,SS,143
2002,sec_2211,2907,01,mp272,SHFE,30
2003,sec_2212,2490,01,mp273,E,25
2004,sec_2213,2431,01,mp11,E,20
2005,sec_2214,2187,01,mp12,BSLC,25
2006,sec_2215,1080,01,mp5,LC,-1
2007,sec_2216,1532,01,mp89,SS,150
2008,sec_2218,3384,01,mp104,PSY,20
2009,sec_2219,2463,30,mp252,,1
2010,sec_2220,468,01,mp20,CL,20
2011,sec_2221,2262,01,mp20,HGS,20
2012,sec_2222,3132,01,mp77,WB,15
2013,sec_2223,3139,01,mp160,HM,-1
2014,sec_2224,1709,01,mp68,C,18
2015,sec_2225,1077,12,mp12,P,-1
2016,sec_2228,3536,01,mp103,HC,24
2017,sec_2229,750,01,mp7,SHFE,50
2018,sec_2231,3148,01,mp8,BSLC,-1
2019,sec_2232,1897,01,mp274,C,18
2020,sec_2233,2778,02,mp34,HC,65
2021,sec_2234,736,01,mp11,WB,20
2022,sec_2235,2600,01,mp9,CL,20
2023,sec_2236,2806,01,mp6,WB,18
2024,sec_2237,1080,06,mp35,W,-1
2025,sec_2238,3402,01,mp165,JRL,20
2026,sec_2239,2464,01,mp129,PSY,-1
2027,sec_2240,3577,01,mp219,C,20
2028,sec_2241,1702,01,mp13,C,18
2029,sec_2243,2046,01,mp84,LC,15
2030,sec_2244,3828,01,mp270,CHAP,-1
2031,sec_2245,2513,01,mp79,H,30
2032,sec_2247,1977,01,mp5,E,90
2033,sec_2248,49,01,mp7,E,19
2034,sec_2250,3817,01,mp12,BSLC,40
2035,sec_2251,1223,36,mp7,E,27
2036,sec_2252,1232,53,mp62,RY,34
2037,sec_2253,2584,01,mp18,RO,40
2038,sec_2254,792,01,mp11,C,25
2039,sec_2256,376,01,mp35,SS,25
2040,sec_2257,3223,01,mp275,HC,22
2041,sec_2258,2502,01,mp276,C,30
2042,sec_2259,272,01,mp6,K,25
2043,sec_2260,3459,01,mp15,S,20
2044,sec_2261,2789,31,mp257,,9
2045,sec_2262,2531,07,mp45,SSA,-1
2046,sec_2263,3506,01,mp57,LBQ,87
2047,sec_2264,993,01,mp7,SS,50
2048,sec_2265,3015,01,mp182,F,15
2049,sec_2266,3583,01,mp8,CWAC,18
2050,sec_2267,2738,01,mp10,HC,65
2051,sec_2268,1437,01,mp18,F,30
2052,sec_2269,2707,82,mp28,GC,65
2053,sec_2270,3160,01,mp8,BSLC,-1
2054,sec_2271,2775,01,mp8,STU,60
2055,sec_2272,3406,01,mp7,C,20
2056,sec_2273,1224,55,mp62,RO,30
2057,sec_2274,3002,01,mp8,C,30
2058,sec_2275,2390,01,mp175,S,20
2059,sec_2276,3730,01,mp235,MS,130
2060,sec_2277,2884,01,mp9,SHFE,15
2061,sec_2278,2263,01,mp12,HGS,18
2062,sec_2279,2904,01,mp165,JRL,20
2063,sec_2280,3708,01,mp277,BH,10
2064,sec_2281,3811,01,mp15,CWAC,15
2065,sec_2282,1508,03,mp7,HM,15
2066,sec_2283,2805,01,mp278,SHFE,30
2067,sec_2284,1077,07,mp24,P,-1
2068,sec_2285,563,01,mp7,STU,60
2069,sec_2286,2426,01,mp8,H,-1
2070,sec_2287,3258,01,mp3,LC,-1
2071,sec_2288,769,00,mp3,C,28
2072,sec_2289,2786,01,mp90,P,25
2073,sec_2290,3308,01,mp52,LBQ,20
2074,sec_2291,3386,01,mp8,RO,40
2075,sec_2292,1619,01,mp175,S,20
2076,sec_2293,2871,01,mp36,HC,65
2077,sec_2294,1219,26,mp6,E,27
2078,sec_2296,1071,11,mp24,C,-1
2079,sec_2297,1065,04,mp12,C,-1
2080,sec_2298,3321,01,mp11,SHFE,50
2081,sec_2300,3443,01,mp12,SHFE,40
2082,sec_2301,2846,01,mp15,CWAC,15
2083,sec_2303,1062,07,mp24,CL,-1
2084,sec_2304,2912,03,mp15,SSA,-1
2085,sec_2305,812,01,mp12,BSLC,25
2086,sec_2306,614,03,mp68,STU,65
2087,sec_2307,864,01,mp6,C,18
2088,sec_2308,1629,01,mp35,HM,20
2089,sec_2309,1320,02,mp5,GO H,17
2090,sec_2310,2718,01,mp24,BH,50
2091,sec_2311,444,01,mp13,CL,20
2092,sec_2312,2397,01,mp32,S,20
2093,sec_2313,2664,02,mp67,HC,65
2094,sec_2314,928,01,mp8,HM,80
2095,sec_2315,1819,08,mp119,K,19
2096,sec_2316,1874,01,mp5,STU,60
2097,sec_2317,3611,01,mp18,HGS,95
2098,sec_2318,1,01,mp7,C,25
2099,sec_2319,3378,01,mp279,KCBD,25
2100,sec_2320,3727,01,mp7,HM,60
2101,sec_2321,1071,01,mp5,HM,-1
2102,sec_2323,3645,01,mp7,HM,20
2103,sec_2324,2590,01,mp24,C,30
2104,sec_2325,2979,01,mp29,SHFE,15
2105,sec_2326,3518,01,mp15,SHFE,15
2106,sec_2327,864,03,mp62,C,18
2107,sec_2328,2729,01,mp90,SS,25
2108,sec_2329,3760,01,mp24,C,20
2109,sec_2332,2526,01,mp7,HGS,10
2110,sec_2333,3435,01,mp3,LC,-1
2111,sec_2334,3787,01,mp35,PBPL,55
2112,sec_2335,3334,01,mp35,OR,10
2113,sec_2336,3649,01,mp182,F,15
2114,sec_2337,390,01,mp7,OR,32
2115,sec_2338,3293,01,mp203,WB,20
2116,sec_2339,386,01,mp13,STU,50
2117,sec_2340,3126,01,mp3,SS,35
2118,sec_2341,3216,01,mp280,SHFE,-1
2119,sec_2342,2857,81,mp75,GC,65
2120,sec_2343,869,02,mp24,C,18
2121,sec_2345,350,02,mp35,GSRP,19
2122,sec_2346,3117,01,mp178,HC,65
2123,sec_2347,3535,01,mp8,SHFE,-1
2124,sec_2348,1062,16,mp5,WB,-1
2125,sec_2349,2930,01,mp5,TTI,35
2126,sec_2350,1610,01,mp62,CL,20
2127,sec_2351,825,01,mp134,F,-1
2128,sec_2352,3175,00,mp8,C,38
2129,sec_2353,3073,01,mp156,LBQ,85
2130,sec_2354,2997,01,mp173,LC,18
2131,sec_2355,3617,01,mp29,SSA,25
2132,sec_2356,367,06,mp8,C,19
2133,sec_2357,523,00,mp12,STU,50
2134,sec_2359,3346,01,mp163,S,40
2135,sec_2360,3114,01,mp7,S,20
2136,sec_2361,2388,01,mp14,C,20
2137,sec_2362,465,02,mp20,CL,25
2138,sec_2363,2577,01,mp17,P,20
2139,sec_2364,778,01,mp12,P,-1
2140,sec_2365,1250,33,mp20,E,35
2141,sec_2366,1062,13,mp7,WB,-1
2142,sec_2367,2999,01,mp152,LBQ,-1
2143,sec_2368,3408,01,mp7,SS,35
2144,sec_2370,2278,01,mp7,HGS,100
2145,sec_2371,3169,01,mp1,SSA,30
2146,sec_2372,1711,02,mp20,C,18
2147,sec_2373,2568,01,mp15,M,-1
2148,sec_2374,1507,03,mp7,HM,15
2149,sec_2375,629,01,mp20,RY,-1
2150,sec_2376,2572,01,mp52,LBQ,85
2151,sec_2378,2463,34,mp252,,1
2152,sec_2379,106,01,mp8,CWAC,23
2153,sec_2380,3831,01,mp35,OR,10
2154,sec_2381,2546,01,mp162,LBQ,20
2155,sec_2382,3545,01,mp175,WB,20
2156,sec_2383,3220,01,mp68,HGS,20
2157,sec_2384,2343,01,mp35,HM,14
2158,sec_2385,3666,01,mp134,SHFE,40
2159,sec_2386,2454,02,mp74,LBQ,103
2160,sec_2388,1298,01,mp7,C,30
2161,sec_2390,2717,01,mp15,WR,15
2162,sec_2392,3171,01,mp122,LC,-1
2163,sec_2393,2978,01,mp24,CWAC,18
2164,sec_2394,3245,01,mp281,BPSB,-1
2165,sec_2395,2648,07,mp8,SHFE,40
2166,sec_2396,1489,01,mp35,RY,25
2167,sec_2397,1516,01,mp15,F,-1
2168,sec_2398,3276,01,mp12,PSY,20
2169,sec_2399,3307,85,mp164,GC,65
2170,sec_2400,1728,01,mp12,WB,20
2171,sec_2401,790,01,mp11,C,-1
2172,sec_2402,3311,01,mp15,WB,20
2173,sec_2403,2040,02,mp40,LC,-1
2174,sec_2404,1222,31,mp20,P,27
2175,sec_2405,1883,01,mp5,SHFE,40
2176,sec_2406,2080,09,mp116,BSLC,48
2177,sec_2407,875,01,mp8,WB,20
2178,sec_2408,2695,35,mp258,,6
2179,sec_2410,996,01,mp24,C,30
2180,sec_2411,1231,52,mp8,E,30
2181,sec_2412,7,01,mp35,CLSC,80
2182,sec_2413,2758,01,mp154,GC,25
2183,sec_2414,493,01,mp37,MS,55
2184,sec_2415,2556,01,mp112,F,30
2185,sec_2416,3556,01,mp12,PBPL,60
2186,sec_2417,2998,01,mp140,PBPL,-1
2187,sec_2419,1230,59,mp62,SS,30
2188,sec_2420,3095,01,mp7,CL,25
2189,sec_2421,52,01,mp35,C,30
2190,sec_2422,3820,01,mp7,PSY,20
2191,sec_2423,2596,04,mp17,SSA,25
2192,sec_2424,1679,04,mp62,C,18
2193,sec_2425,3669,01,mp79,H,30
2194,sec_2426,2663,01,mp128,LBQ,25
2195,sec_2427,3546,81,mp75,GC,65
2196,sec_2428,3737,01,mp103,CHAP,-1
2197,sec_2429,2603,09,mp188,SSA,-1
2198,sec_2430,1046,00,mp7,STU,56
2199,sec_2431,2852,01,mp7,RY,5
2200,sec_2432,805,01,mp16,LBQ,7
2201,sec_2433,2826,85,mp164,GC,65
2202,sec_2434,843,01,mp20,HGS,20
2203,sec_2435,2338,01,mp62,CL,20
2204,sec_2436,3786,01,mp86,H,16
2205,sec_2437,2478,01,mp230,H,-1
2206,sec_2438,3003,01,mp182,F,15
2207,sec_2439,3306,01,mp147,RY,20
2208,sec_2440,3262,81,mp28,GC,65
2209,sec_2441,77,01,mp8,OR,15
2210,sec_2442,2817,03,mp209,HC,65
2211,sec_2443,2705,01,mp68,LBQ,-1
2212,sec_2444,872,01,mp7,HM,18
2213,sec_2445,357,01,mp7,JRL,-1
2214,sec_2446,3494,01,mp17,CWAC,12
2215,sec_2447,3650,01,mp5,BSLC,-1
2216,sec_2448,2376,02,mp107,C,18
2217,sec_2449,3634,01,mp282,GC,-1
2218,sec_2450,1013,00,mp8,C,38
2219,sec_2451,2333,01,mp37,GSRP,-1
2220,sec_2452,1222,22,mp5,HGS,27
2221,sec_2453,1999,01,mp125,LC,-1
2222,sec_2454,2423,01,mp12,SS,40
2223,sec_2455,2531,02,mp45,SSA,-1
2224,sec_2457,3106,01,mp194,M,-1
2225,sec_2458,2519,01,mp7,PSY,20
2226,sec_2459,2369,01,mp13,C,20
2227,sec_2460,1933,01,mp7,WB,20
2228,sec_2461,1836,01,mp35,SS,25
2229,sec_2462,166,01,mp20,HGS,80
2230,sec_2463,3718,01,mp12,SS,40
2231,sec_2464,381,01,mp18,HGS,95
2232,sec_2465,2726,01,mp228,LC,12
2233,sec_2466,2938,01,mp16,LBQ,7
2234,sec_2467,772,01,mp35,SS,35
2235,sec_2468,3631,01,mp68,KPTC,16
2236,sec_2469,3624,01,mp17,CWAC,12
2237,sec_2470,973,01,mp134,SS,15
2238,sec_2471,1080,10,mp7,C,-1
2239,sec_2472,2483,04,mp17,SSA,25
2240,sec_2473,1068,05,mp11,WB,-1
2241,sec_2474,306,01,mp161,LC,-1
2242,sec_2475,2076,01,mp226,LC,15
2243,sec_2476,3278,01,mp12,C,-1
2244,sec_2477,3084,01,mp7,F,25
2245,sec_2478,1219,44,mp13,RO,28
2246,sec_2479,2727,01,mp283,SHFE,-1
2247,sec_2480,3651,01,mp222,PSY,-1
2248,sec_2481,1301,01,mp5,C,30
2249,sec_2482,3236,01,mp136,LBQ,118
2250,sec_2483,3544,01,mp17,PSY,18
2251,sec_2484,2939,01,mp5,S,40
2252,sec_2486,3568,01,mp284,MS,130
2253,sec_2488,3403,01,mp175,PBPL,40
2254,sec_2489,1869,01,mp12,SS,35
2255,sec_2490,2728,01,mp8,OR,15
2256,sec_2491,2966,01,mp26,GC,25
2257,sec_2492,3053,01,mp103,HC,24
2258,sec_2493,1456,01,mp101,CL,15
2259,sec_2494,1667,01,mp8,HM,20
2260,sec_2495,2190,01,mp15,BSLC,15
2261,sec_2496,3173,01,mp28,GC,20
2262,sec_2497,682,01,mp151,C,18
2263,sec_2498,658,01,mp20,C,18
2264,sec_2500,3172,01,mp112,F,30
2265,sec_2501,2371,01,mp12,CLSC,75
2266,sec_2502,3502,01,mp24,PSY,25
2267,sec_2503,3318,01,mp13,WB,20
2268,sec_2504,1173,01,mp13,C,26
2269,sec_2505,2531,01,mp45,SSA,-1
2270,sec_2506,3684,01,mp129,PBPL,30
2271,sec_2507,2192,01,mp12,BSLC,80
2272,sec_2508,3059,01,mp162,LBQ,15
2273,sec_2509,642,01,mp6,RY,-1
2274,sec_2510,2924,01,mp8,CWAC,18
2275,sec_2512,2355,01,mp11,C,30
2276,sec_2513,2483,05,mp17,SSA,25
2277,sec_2514,398,01,mp8,STU,60
2278,sec_2515,1231,54,mp8,E,30
2279,sec_2516,1713,03,mp62,C,18
2280,sec_2517,2603,04,mp188,SSA,-1
2281,sec_2519,3236,02,mp136,LBQ,103
2282,sec_2520,1683,01,mp20,C,18
2283,sec_2521,1968,01,mp6,E,50
2284,sec_2522,2684,01,mp90,M,-1
2285,sec_2523,3372,01,mp1,SSA,30
2286,sec_2524,868,01,mp11,C,18
2287,sec_2525,3783,01,mp111,HM,75
2288,sec_2526,1642,01,mp13,C,20
2289,sec_2527,1508,02,mp8,C,15
2290,sec_2529,3803,01,mp12,S,20
2291,sec_2530,3086,01,mp8,C,20
2292,sec_2531,1881,01,mp8,G,20
2293,sec_2532,2863,01,mp3,SS,15
2294,sec_2533,366,08,mp140,C,19
2295,sec_2534,2627,32,mp63,,2
2296,sec_2535,1062,09,mp24,C,-1
2297,sec_2536,3409,01,mp144,RY,40
2298,sec_2537,3513,01,mp84,SS,15
2299,sec_2538,730,01,mp175,WB,20
2300,sec_2539,2631,01,mp35,RO,25
2301,sec_2540,2911,01,mp1,SHFE,15
2302,sec_2541,1679,03,mp13,C,18
2303,sec_2542,3548,01,mp35,PBPL,40
2304,sec_2543,3137,01,mp165,JRL,20
2305,sec_2544,2622,01,mp37,MS,55
2306,sec_2545,367,01,mp140,HM,19
2307,sec_2546,3612,81,mp26,GC,65
2308,sec_2547,3773,01,mp35,BSLC,18
2309,sec_2548,3129,01,mp12,CL,25
2310,sec_2549,3034,01,mp15,P,12
2311,sec_2550,1065,07,mp24,WB,-1
2312,sec_2551,3010,01,mp35,C,12
2313,sec_2553,3575,01,mp8,S,20
2314,sec_2554,1071,13,mp7,G,-1
2315,sec_2555,3113,02,mp1,SSA,-1
2316,sec_2556,1077,02,mp7,C,-1
2317,sec_2557,2614,01,mp90,F,40
2318,sec_2558,2573,01,mp35,SS,-1
2319,sec_2559,3179,01,mp13,E,25
2320,sec_2560,3182,01,mp15,WB,20
2321,sec_2561,2400,04,mp33,SSA,40
2322,sec_2562,3221,01,mp5,HM,70
2323,sec_2563,252,01,mp5,K,66
2324,sec_2565,3093,01,mp90,SHFE,60
2325,sec_2566,1235,41,mp13,E,30
2326,sec_2567,1223,24,mp5,E,27
2327,sec_2568,1219,50,mp62,SS,27
2328,sec_2569,3168,01,mp24,C,30
2329,sec_2570,3499,01,mp12,C,25
2330,sec_2571,998,01,mp7,WB,15
2331,sec_2572,3244,01,mp17,CL,15
2332,sec_2573,2380,01,mp5,BSLC,40
2333,sec_2574,367,04,mp5,C,19
2334,sec_2575,2494,01,mp160,HM,-1
2335,sec_2576,1713,01,mp20,C,18
2336,sec_2577,2391,01,mp7,HM,18
2337,sec_2578,3180,01,mp7,CWAC,18
2338,sec_2579,2676,01,mp205,CH,-1
2339,sec_2580,655,03,mp105,C,18
2340,sec_2581,715,01,mp11,HM,14
2341,sec_2582,3449,01,mp74,LBQ,53
2342,sec_2583,3404,01,mp36,HC,65
2343,sec_2584,2856,81,mp26,GC,65
2344,sec_2585,3335,81,mp28,GC,65
2345,sec_2586,3629,01,mp285,HC,65
2346,sec_2587,3759,01,mp17,LC,15
2347,sec_2588,50,02,mp35,GSRP,19
2348,sec_2589,2483,02,mp15,SSA,25
2349,sec_2590,1293,00,mp7,STU,56
2350,sec_2591,3425,01,mp73,LC,15
2351,sec_2592,3733,01,mp71,H,30
2352,sec_2593,2598,01,mp286,Y,60
2353,sec_2594,1122,02,mp236,SS,13
2354,sec_2595,3598,01,mp134,STU,-1
2355,sec_2596,3061,01,mp11,BSLC,30
2356,sec_2597,373,06,mp8,C,19
2357,sec_2598,121,01,mp64,CWAC,16
2358,sec_2599,147,01,mp17,JRL,18
2359,sec_2600,3681,01,mp8,H,-1
2360,sec_2601,3165,01,mp6,STU,60
2361,sec_2602,655,01,mp151,C,18
2362,sec_2603,3284,01,mp176,BSLC,30
2363,sec_2604,670,01,mp7,HM,18
2364,sec_2605,3210,01,mp77,SS,12
2365,sec_2606,3150,01,mp39,LBQ,9
2366,sec_2607,2552,01,mp62,C,25
2367,sec_2608,1957,01,mp20,C,10
2368,sec_2609,1077,13,mp7,W,-1
2369,sec_2610,3191,01,mp90,F,40
2370,sec_2611,3540,01,mp7,SHFE,30
2371,sec_2612,2781,01,mp12,PSY,20
2372,sec_2613,1569,00,mp287,HM,80
2373,sec_2615,3752,01,mp17,S,20
2374,sec_2616,3265,01,mp29,S,16
2375,sec_2617,2949,01,mp134,SHFE,40
2376,sec_2618,1247,31,mp20,E,35
2377,sec_2619,2382,81,mp26,GC,70
2378,sec_2620,2389,35,mp141,,2
2379,sec_2622,357,03,mp12,WB,-1
2380,sec_2623,2383,01,mp7,SS,50
2381,sec_2624,1219,40,mp13,P,25
2382,sec_2625,2603,01,mp188,SSA,-1
2383,sec_2626,500,01,mp35,BSLC,-1
2384,sec_2627,3621,01,mp288,LBQ,11
2385,sec_2628,2878,01,mp12,RO,40
2386,sec_2629,3336,00,mp271,SS,143
2387,sec_2630,3797,81,mp28,GC,65
2388,sec_2631,614,01,mp6,RY,50
2389,sec_2632,776,01,mp140,MS,80
2390,sec_2633,2365,03,mp53,HC,55
2391,sec_2634,2608,01,mp289,LBQ,20
2392,sec_2635,3164,01,mp134,JRL,15
2393,sec_2636,1721,01,mp8,WB,20
2394,sec_2637,3058,01,mp5,GO H,15
2395,sec_2638,2400,08,mp290,SSA,40
2396,sec_2639,768,00,mp11,STU,60
2397,sec_2640,330,01,mp90,C,16
2398,sec_2641,3674,01,mp11,S,20
2399,sec_2642,3067,01,mp291,LBQ,60
2400,sec_2644,3319,01,mp7,PSY,20
2401,sec_2645,2603,03,mp188,SSA,-1
2402,sec_2646,2415,01,mp281,BPSB,-1
2403,sec_2647,3440,01,mp35,HM,14
2404,sec_2648,1117,01,mp7,SS,20
2405,sec_2649,3683,01,mp5,SHFE,40
2406,sec_2650,3703,01,mp16,LBQ,25
2407,sec_2651,2703,01,mp17,P,22
2408,sec_2652,2536,34,mp81,,1
2409,sec_2653,1258,30,mp7,E,35
2410,sec_2654,1083,04,mp19,K,-1
2411,sec_2655,2468,01,mp140,SHFE,75
2412,sec_2656,3510,01,mp5,SS,25
2413,sec_2657,1763,01,mp20,C,18
2414,sec_2658,2587,01,mp96,RY,60
2415,sec_2659,2610,01,mp25,BSLC,25
2416,sec_2660,3804,01,mp12,TTI,38
2417,sec_2661,1233,11,mp44,E,25
2418,sec_2662,3313,01,mp90,S,20
